station_id,station_name,location,coord1_name,coord2_name,coord1_lat,coord1_lon,coord2_lat,coord2_lon,lat_difference,lon_difference,distance_meters,temperature,humidity,weather
466940,基隆,基隆市仁愛區,TWD67,WGS84,25.135104,121.732242,25.133314,121.740475,0.0017899999999997362,0.008233000000004154,852.3523554148694,15.9,82.0,陰
466900,淡水,新北市淡水區,TWD67,WGS84,25.166664,121.440672,25.164889,121.448906,0.0017750000000020805,0.008233999999987418,851.8537871194768,15.5,86.0,陰
466881,新北,新北市新店區,TWD67,WGS84,24.96099,121.516977,24.959207,121.525196,0.001782999999999646,0.008218999999996868,851.9437739349999,15.3,95.0,陰
466930,陽明山,臺北市北投區,TWD67,WGS84,25.163858,121.536313,25.162078,121.544547,0.0017800000000001148,0.008233999999987418,852.0013372024952,11.2,94.0,陰
466910,鞍部,臺北市北投區,TWD67,WGS84,25.184365,121.521495,25.182586,121.529731,0.0017789999999990869,0.00823599999999658,852.0356815101695,9.6,100.0,陰有雨
467571,新竹,新竹縣竹北市,TWD67,WGS84,24.830335,121.006343,24.828575,121.01445,0.001760000000000872,0.008106999999995423,841.209428695492,17.1,80.0,陰
467490,臺中,臺中市北區,TWD67,WGS84,24.147494,120.675919,24.145736,120.684075,0.001757999999998816,0.008156000000013819,850.3274555499648,19.3,76.0,陰
C0FA30,梧棲,臺中市梧棲區,TWD67,WGS84,24.257753,120.515211,24.256003,120.523381,0.0017500000000012506,0.008170000000006894,850.8085300725834,17.9,80.0,陰
467350,澎湖,澎湖縣馬公市,TWD67,WGS84,23.56722,119.554987,23.565503,119.563094,0.0017169999999993024,0.008107000000009634,848.0442974936878,19.7,80.0,陰
467650,日月潭,南投縣魚池鄉,TWD67,WGS84,23.883099,120.899911,23.881325,120.90805,0.0017740000000010525,0.008138999999999896,850.7136352128182,17.4,100.0,陰有霧
467530,阿里山,嘉義縣阿里山鄉,TWD67,WGS84,23.509984,120.805129,23.508208,120.813242,0.0017759999999995557,0.008113000000008697,850.4903385061705,9.9,100.0,陰有靄
467550,玉山,南投縣信義鄉,TWD67,WGS84,23.488964,120.951318,23.48718,120.95943,0.001784000000000674,0.00811199999999701,850.7265115473491,3.3,99.0,陰
467480,嘉義,嘉義市西區,TWD67,WGS84,23.497684,120.424796,23.495925,120.432906,0.001758999999999844,0.00811000000000206,849.8307934754823,18.8,88.0,陰
467410,臺南,臺南市中西區,TWD67,WGS84,22.995039,120.196846,22.99328,120.20492,0.001758999999999844,0.008074000000007686,849.2832813548683,21.0,80.0,陰
467441,高雄,高雄市楠梓區,TWD67,WGS84,22.732201,120.304459,22.730432,120.312516,0.0017689999999994654,0.008057000000007974,849.400631750005,24.2,81.0,多雲
467590,恆春,屏東縣恆春鎮,TWD67,WGS84,22.0057,120.738326,22.003897,120.746339,0.0018030000000024415,0.008013000000005377,850.0770576443252,23.1,69.0,多雲
467080,宜蘭,宜蘭縣宜蘭市,TWD67,WGS84,24.765773,121.748322,24.763975,121.756528,0.0017980000000008545,0.008206000000001268,852.3302143606337,16.0,91.0,陰
466990,花蓮,花蓮縣花蓮市,TWD67,WGS84,23.976933,121.605126,23.975128,121.613275,0.001804999999997392,0.00814900000000307,851.9227706773715,18.9,79.0,陰
467610,成功,臺東縣成功鎮,TWD67,WGS84,23.099296,121.36534,23.097486,121.373428,0.001809999999998979,0.008088000000000761,851.3772872551141,19.4,82.0,陰
467660,臺東,臺東縣臺東市,TWD67,WGS84,22.754017,121.146522,22.752211,121.154586,0.0018060000000019727,0.008063999999990301,850.9322844335554,21.1,78.0,陰
467540,大武,臺東縣大武鄉,TWD67,WGS84,22.357523,120.895703,22.35572,120.90374,0.0018029999999988888,0.008037000000001626,850.4682629547461,21.2,76.0,陰
467620,蘭嶼,臺東縣蘭嶼鄉,TWD67,WGS84,22.038737,121.55041,22.0369,121.55843,0.001837000000001865,0.008020000000001914,851.490126211903,18.7,99.0,多雲
466950,彭佳嶼,基隆市中正區,TWD67,WGS84,25.629774,122.071474,25.627975,122.079744,0.0017990000000018824,0.008270000000010214,852.8991888545593,14.9,83.0,陰
467300,東吉島,澎湖縣望安鄉,TWD67,WGS84,23.258999,119.659533,23.25727,119.66762,0.0017290000000009798,0.008087000000003286,848.2324485784911,20.3,84.0,陰
469020,南沙島,高雄市旗津區,TWD67,WGS84,10.372116,114.356938,10.370203,114.364286,0.0019130000000000535,0.00734800000000746,831.3843918843988,31.0,73.0,-99
468100,東沙島,高雄市旗津區,TWD67,WGS84,20.70252,116.722116,20.700856,116.73,0.0016639999999981114,0.007884000000004221,840.6727012412719,23.2,89.0,-99
467420,永康,臺南市永康區,TWD67,WGS84,23.040146,120.228623,23.038386,120.2367,0.001760000000000872,0.008077000000000112,849.3386951771465,20.8,82.0,陰
C2W030,金門(東),金門縣金湖鎮,TWD67,WGS84,24.450074,118.443627,24.448431,118.451786,0.0016430000000013933,0.008158999999992034,845.8509901249137,14.8,75.0,陰
466920,臺北,臺北市中正區,TWD67,WGS84,25.039439,121.506628,25.037658,121.514853,0.0017810000000011428,0.00822499999999593,851.9656222867266,15.9,87.0,陰
A0G720,彰師大,彰化縣彰化市,TWD67,WGS84,24.08314,120.548508,24.081389,120.556667,0.0017509999999987258,0.008159000000006245,850.8504144508057,19.0,80.0,陰
A0Z080,合歡山,花蓮縣秀林鄉,TWD67,WGS84,24.144972,121.276071,24.143186,121.284231,0.0017859999999991771,0.00816000000000372,851.4592358312224,-99.0,-99.0,陰
A0W080,吉貝,澎湖縣白沙鄉,TWD67,WGS84,23.741712,119.596041,23.740011,119.604189,0.0017010000000006187,0.008148000000005595,850.6400504939132,-99.0,-99.0,陰
467110,金門,金門縣金城鎮,TWD67,WGS84,24.408942,118.281127,24.407306,118.289281,0.001636000000001303,0.008154000000004658,845.4518065997221,14.9,74.0,陰
467990,馬祖,連江縣南竿鄉,TWD67,WGS84,26.171145,119.914855,26.169467,119.923158,0.001677999999998292,0.008302999999997951,849.3540611967667,11.8,82.0,陰
A0K420,麥寮,雲林縣麥寮鄉,TWD67,WGS84,23.800517,120.209572,23.798783,120.217717,0.001733999999999014,0.008144999999998959,850.8012328011442,18.8,81.0,陰
467050,新屋,桃園市新屋區,TWD67,WGS84,25.008484,121.039271,25.006725,121.047492,0.001758999999999844,0.008221000000006029,851.2113507831027,16.4,81.0,陰
A2K570,古坑(花卉中心),雲林縣古坑鄉,TWD67,WGS84,23.6353,120.54428,23.63353,120.55239,0.0017700000000004934,0.00811000000000206,849.2707708740081,18.3,92.0,陰
CAAH60,大安森林,臺北市大安區,TWD67,WGS84,25.031331,121.528056,25.02955,121.53628,0.0017810000000011428,0.008223999999998455,851.9208972840465,15.0,91.0,陰
CAHA00,消防署訓練中心,南投縣竹山鎮,TWD67,WGS84,23.82313,120.7148,23.82137,120.72293,0.0017599999999973193,0.008130000000008408,849.8358252344665,18.1,92.0,陰
467270,田中,彰化縣田中鎮,TWD67,WGS84,23.875561,120.573149,23.873803,120.581286,0.0017580000000023688,0.008137000000004946,850.1518061997983,17.5,92.0,陰
CAC040,拉拉山,桃園市復興區,TWD67,WGS84,24.7011,121.418933,24.699317,121.427133,0.001782999999999646,0.008200000000002206,851.7700666754625,11.5,95.0,陰
CAW010,東引,連江縣東引鄉,TWD67,WGS84,26.360539,120.475308,26.358836,120.483631,0.0017029999999991219,0.0083230000000043,850.5951777642144,12.3,76.0,陰
CAP070,高雄燈塔,高雄市旗津區,TWD67,WGS84,22.616364,120.256631,22.614594,120.26468,0.0017700000000004934,0.00804899999999975,849.3067843007722,24.1,82.0,多雲
A0F010,武陵,臺中市和平區,TWD67,WGS84,24.354609,121.300112,24.352825,121.308286,0.001784000000000674,0.008173999999996795,851.460614994119,14.7,90.0,陰
467280,後龍,苗栗縣造橋鄉,TWD67,WGS84,24.650318,120.823641,24.648563,120.831834,0.001754999999999285,0.008193000000005668,850.6904640792253,17.6,76.0,陰
467290,古坑,雲林縣古坑鄉,TWD67,WGS84,23.635401,120.543769,23.633639,120.551889,0.0017620000000029279,0.008120000000005234,850.0556362595923,18.3,92.0,陰
C2C410,中央大學,桃園市中壢區,TWD67,WGS84,24.969417,121.176946,24.967652,121.185165,0.0017649999999989063,0.008218999999996868,851.4249542247371,15.6,85.0,陰
A0A460,文化大學,臺北市士林區,TWD67,WGS84,25.137855,121.531657,25.13605,121.53987,0.001804999999997392,0.008212999999997805,850.7686997466184,12.6,93.0,陰
A0A010,臺灣大學,臺北市大安區,TWD67,WGS84,25.01606,121.531193,25.014278,121.539416,0.001781999999998618,0.00822300000000098,851.9490212218159,15.4,88.0,陰
72S200,班鳩分場,臺東縣卑南鄉,TWD67,WGS84,22.831307,121.069619,22.829528,121.077694,0.0017789999999990869,0.00807499999999095,850.8693667530583,18.6,79.0,陰
72S590,賓朗果園,臺東縣卑南鄉,TWD67,WGS84,22.815668,121.063204,22.813889,121.071278,0.0017789999999990869,0.008074000000007686,850.8621377568106,18.2,-99.0,陰
82S580,臺東茶改,臺東縣鹿野鄉,TWD67,WGS84,22.909476,121.12206,22.907694,121.130139,0.0017820000000021707,0.008078999999995062,850.8824353182507,19.6,82.0,陰
U2H480,臺大溪頭,南投縣鹿谷鄉,TWD67,WGS84,23.672071,120.790065,23.670306,120.798194,0.0017649999999989063,0.008128999999996722,850.7988306267989,16.3,98.0,陰
72G600,臺中農改,彰化縣大村鄉,TWD67,WGS84,24.004779,120.526236,24.003028,120.534389,0.0017509999999987258,0.008153000000007182,850.7492296533269,18.2,87.0,陰
72K220,雲林分場,雲林縣斗南鎮,TWD67,WGS84,23.636304,120.469202,23.634556,120.477333,0.0017479999999991946,0.008131000000005884,850.7834543812099,19.0,88.0,陰
72N100,臺南農改,臺南市新化區,TWD67,WGS84,23.062242,120.334096,23.0605,120.342194,0.0017420000000001323,0.008098000000003935,850.8395849864362,20.1,90.0,陰
72V140,旗南農改,高雄市旗山區,TWD67,WGS84,22.859612,120.508583,22.857861,120.516667,0.0017509999999987258,0.00808399999999665,850.8808740033433,23.4,90.0,多雲
72Q010,高雄農改,屏東縣長治鄉,TWD67,WGS84,22.711084,120.517814,22.709333,120.525889,0.0017509999999987258,0.008075000000005161,850.8606736503068,26.0,73.0,多雲
B2E890,新竹畜試,苗栗縣西湖鄉,TWD67,WGS84,24.529569,120.762788,24.527806,120.770972,0.0017629999999968504,0.008183999999999969,850.7864579767321,17.2,74.0,陰
72C440,桃園農改,桃園市新屋區,TWD67,WGS84,24.952721,121.022375,24.950944,121.030583,0.0017770000000005837,0.008207999999996218,850.764179514644,16.6,81.0,陰
72D080,五峰站,新竹縣五峰鄉,TWD67,WGS84,24.613978,121.148983,24.612194,121.157167,0.001784000000000674,0.008183999999999969,850.7854920121902,11.7,99.0,陰
82C160,茶改場,桃園市楊梅區,TWD67,WGS84,24.910258,121.17713,24.908472,121.185333,0.0017859999999991771,0.008202999999994631,850.7841123479435,15.3,78.0,陰
A2C560,農工中心,桃園市中壢區,TWD67,WGS84,24.987706,121.231626,24.985917,121.239833,0.0017889999999987083,0.008206999999998743,850.748387583942,16.4,78.0,陰
82A750,文山茶改,新北市石碇區,TWD67,WGS84,24.957588,121.623022,24.955778,121.631222,0.0018100000000025318,0.008199999999987995,850.8085942626332,12.5,97.0,陰
72U480,蘭陽分場,宜蘭縣三星鄉,TWD67,WGS84,24.688121,121.708402,24.686306,121.716583,0.0018150000000005662,0.008180999999993332,850.8243137442842,16.2,91.0,陰
K2E360,苗栗農改,苗栗縣公館鄉,TWD67,WGS84,24.497488,120.82093,24.495722,120.829111,0.0017659999999999343,0.008180999999993332,850.7737280923102,16.3,81.0,陰
K2E710,大湖分場,苗栗縣大湖鄉,TWD67,WGS84,24.42463,120.863657,24.422861,120.871833,0.0017689999999994654,0.008175999999991745,850.8242837461331,14.6,93.0,陰有雨
K2F750,種苗繁殖,臺中市新社區,TWD67,WGS84,24.227737,120.792753,24.225972,120.800917,0.001765000000002459,0.00816399999999362,850.7897344089678,15.7,93.0,陰
82H840,凍頂茶改,南投縣鹿谷鄉,TWD67,WGS84,23.76429,120.732364,23.762528,120.7405,0.0017619999999993752,0.00813599999999326,850.8457090409512,16.0,99.0,陰
82H320,魚池茶改,南投縣魚池鄉,TWD67,WGS84,23.877382,120.905442,23.875611,120.913583,0.0017710000000015214,0.008141000000009058,850.8697353023955,16.8,99.0,陰
U2HA50,臺大竹山,南投縣竹山鎮,TWD67,WGS84,23.758731,120.67342,23.756972,120.681556,0.001758999999999844,0.00813600000000747,850.8033653006235,-99.0,-99.0,陰
G2L020,嘉義農試,嘉義市東區,TWD67,WGS84,23.486776,120.465684,23.485028,120.473806,0.0017479999999991946,0.008122000000000185,850.8080930103483,18.1,88.0,陰
72M360,義竹分場,嘉義縣義竹鄉,TWD67,WGS84,23.362432,120.271244,23.360694,120.279361,0.0017379999999995732,0.008116999999998598,850.8164454300314,19.4,81.0,陰
B2N890,畜試所,臺南市新化區,TWD67,WGS84,23.060713,120.328308,23.058972,120.336406,0.0017409999999991044,0.008097999999989725,850.8234399541055,19.9,91.0,陰
G2P820,鳳山農試,高雄市鳳山區,TWD67,WGS84,22.648354,120.34801,22.646611,120.356083,0.0017430000000011603,0.008072999999996,850.8267554582235,24.8,75.0,多雲
B2Q810,恆春畜試,屏東縣恆春鎮,TWD67,WGS84,21.947348,120.794139,21.945583,120.802167,0.001765000000002459,0.008027999999995927,850.9259969833821,22.3,71.0,多雲
72T250,花蓮農改,花蓮縣吉安鄉,TWD67,WGS84,23.977028,121.555752,23.975222,121.563889,0.0018060000000019727,0.008137000000004946,850.763581967284,17.6,90.0,陰
E2H360,蓮華池,南投縣魚池鄉,TWD67,WGS84,23.920106,120.877136,23.918333,120.885278,0.0017730000000000246,0.008142000000006533,850.7541075933781,18.5,98.0,陰
72HA00,埔里分場,南投縣魚池鄉,TWD67,WGS84,23.904982,120.955222,23.903208,120.963364,0.0017740000000010525,0.008141999999992322,850.8741107892265,18.6,99.0,陰
U2HA30,臺大和社,南投縣信義鄉,TWD67,WGS84,23.592633,120.880744,23.590856,120.888864,0.0017770000000005837,0.008119999999991023,850.704240523331,18.9,99.0,陰
U2HA40,臺大內茅埔,南投縣信義鄉,TWD67,WGS84,23.691497,120.842992,23.689722,120.851117,0.0017749999999985278,0.008125000000006821,850.5401311785301,16.8,99.0,陰
G2M350,溪口農場,嘉義縣溪口鄉,TWD67,WGS84,23.587406,120.399994,23.58565,120.408111,0.0017560000000003129,0.008116999999998598,849.899376887914,18.6,86.0,陰
E2K600,四湖植物園,雲林縣四湖鄉,TWD67,WGS84,23.678718,120.155296,23.676986,120.163433,0.001732000000000511,0.008136999999990735,850.7122691109108,18.9,97.0,陰
G2F820,農業試驗所,臺中市霧峰區,TWD67,WGS84,24.033022,120.679986,24.031261,120.688133,0.0017609999999983472,0.008146999999993909,850.2344518788458,18.0,90.0,陰有雨
72M700,嘉義分場,嘉義縣鹿草鄉,TWD67,WGS84,23.418608,120.274941,23.416869,120.283061,0.0017390000000006012,0.008120000000005234,850.797701896699,18.6,87.0,陰
72N240,七股研究中心,臺南市七股區,TWD67,WGS84,23.083472,120.054792,23.081672,120.062894,0.0017999999999993577,0.008101999999993836,852.6017740221467,19.9,83.0,陰
42HA10,萬大發電廠,南投縣仁愛鄉,TWD67,WGS84,23.980611,121.131497,23.978875,121.139639,0.00173600000000107,0.008142000000006533,849.4320692340671,17.3,93.0,陰
12Q970,東港工作站,屏東縣東港鎮,TWD67,WGS84,22.481778,120.458017,22.479997,120.466058,0.00178099999999759,0.008041000000005738,849.5757378250089,25.7,73.0,多雲
12J990,口湖工作站,雲林縣口湖鄉,TWD67,WGS84,23.591722,120.172281,23.589978,120.180394,0.0017440000000021882,0.008113000000008697,849.1704469964561,18.3,85.0,陰
12Q980,恆春工作站,屏東縣車城鄉,TWD67,WGS84,22.081478,120.706406,22.079678,120.714425,0.0017999999999993577,0.00801900000000444,850.1694685416738,22.3,71.0,多雲
V2K610,大庄合作社,雲林縣二崙鄉,TWD67,WGS84,23.80855,120.359808,23.8068,120.367939,0.0017500000000012506,0.008131000000005884,849.7698681505622,17.6,88.0,陰
V2K620,麥寮合作社,雲林縣麥寮鄉,TWD67,WGS84,23.755583,120.286657,23.753836,120.294783,0.0017470000000017194,0.008125999999990086,849.526251973715,-99.0,-99.0,陰
E2S980,太麻里(1),臺東縣太麻里鄉,TWD67,WGS84,22.600724,120.971991,22.598922,120.980044,0.0018019999999978609,0.008053000000003863,850.6288331440398,20.5,78.0,陰
E2S960,太麻里(2),臺東縣太麻里鄉,TWD67,WGS84,22.599802,120.9897,22.598,120.99775,0.0018020000000014136,0.008049999999997226,850.334912647921,21.4,78.0,陰
72AI40,桃改臺北,新北市樹林區,TWD67,WGS84,24.946279,121.378755,24.944503,121.386972,0.0017759999999995557,0.008217000000001917,851.6630968024609,15.3,85.0,陰
E2HA20,畢祿溪站,南投縣仁愛鄉,TWD67,WGS84,24.22873,121.300362,24.226944,121.308522,0.0017859999999991771,0.008159999999989509,850.930802786553,11.7,99.0,陰有雨
A2N290,蘭花園區,臺南市後壁區,TWD67,WGS84,23.342018,120.371562,23.340258,120.379661,0.001760000000000872,0.00809900000000141,849.7111436985796,20.0,84.0,陰
B2U990,宜蘭畜試,宜蘭縣五結鄉,TWD67,WGS84,24.670842,121.824362,24.669039,121.832561,0.0018029999999988888,0.00819900000000473,852.3877621073287,16.3,98.0,陰
A2K630,雲林臺大,雲林縣虎尾鎮,TWD67,WGS84,23.732381,120.415777,23.730628,120.423903,0.0017530000000007817,0.008125999999990086,849.8224745093192,16.7,99.0,陰
E2P980,六龜林試,高雄市六龜區,TWD67,WGS84,22.993482,120.637645,22.991703,120.645722,0.0017789999999990869,0.008077000000000112,850.10618445155,22.7,96.0,多雲
E2P990,扇平林試,高雄市茂林區,TWD67,WGS84,22.969481,120.677627,22.9677,120.685703,0.00178099999999759,0.008076000000002637,850.2012470092573,-99.0,-99.0,多雲
A2K360,臺西水試,雲林縣臺西鄉,TWD67,WGS84,23.718974,120.182399,23.717231,120.190522,0.0017429999999976076,0.00812299999999766,849.3535554731598,-99.0,-99.0,陰
V2C250,八德合作社,桃園市八德區,TWD67,WGS84,24.939471,121.258178,24.93775,121.266389,0.0017209999999998615,0.008211000000002855,849.720801416137,-99.0,-99.0,陰
V2C260,八德蔬果,桃園市八德區,TWD67,WGS84,24.980279,121.27356,24.978508,121.281819,0.0017709999999979686,0.008258999999995353,855.4307979806497,16.0,76.0,陰
72D680,新埔工作站,新竹縣新埔鎮,TWD67,WGS84,24.836,121.058,24.834444,121.066111,0.0015559999999972263,0.008110999999999535,836.5808648947745,17.0,72.0,陰
G2AI50,台農院關渡站,臺北市北投區,TWD67,WGS84,25.117528,121.483769,25.11575,121.492,0.0017780000000016116,0.008231000000009203,851.9618321427552,17.2,69.0,陰
CAH030,茶改場竹圍站,南投縣名間鄉,TWD67,WGS84,23.861844,120.629392,23.86008,120.6375,0.001764000000001431,0.00810800000000711,847.5215153175317,16.5,95.0,陰
CAN130,水試所海水繁養殖中心,臺南市七股區,TWD67,WGS84,23.122553,120.071594,23.120802,120.079676,0.0017509999999987258,0.008082000000001699,849.113424288264,19.7,85.0,陰
CAL110,布袋國中,嘉義縣布袋鎮,TWD67,WGS84,23.360676,120.17216,23.35893,120.18026,0.0017460000000006914,0.008099999999998886,849.3401296734135,18.7,86.0,陰
CAG100,王功漁港,彰化縣芳苑鄉,TWD67,WGS84,23.969984,120.317718,23.96824,120.32586,0.0017439999999986355,0.008142000000006533,849.7011193703283,-99.0,-99.0,陰
CAJ050,海口故事園區,雲林縣口湖鄉,TWD67,WGS84,23.577174,120.133097,23.57543,120.14121,0.0017439999999986355,0.008112999999994486,849.2596688756734,-99.0,-99.0,陰
CAN140,六官養殖協會,臺南市六甲區,TWD67,WGS84,23.230568,120.29153,23.22881,120.29962,0.0017580000000023688,0.008090000000009923,849.438905195758,19.8,80.0,陰
CAQ030,崎峰國小,屏東縣林邊鄉,TWD67,WGS84,22.427434,120.487171,22.42565,120.49521,0.001784000000000674,0.008038999999996577,849.7686311126214,-99.0,-99.0,陰
C2M960,外寮,嘉義縣梅山鄉,TWD67,WGS84,23.564411,120.657572,23.562643,120.665688,0.0017679999999984375,0.008116000000001122,850.2487491651997,17.2,97.0,陰
C2M970,碧湖,嘉義縣梅山鄉,TWD67,WGS84,23.570397,120.616047,23.568632,120.624165,0.0017649999999989063,0.008118000000010284,850.3333254554044,17.4,99.0,陰
C2R170,屏東,屏東縣屏東市,TWD67,WGS84,22.662048,120.485974,22.660269,120.494027,0.0017789999999990869,0.008053000000003863,849.6713084061535,26.0,73.0,多雲
C2V310,美濃,高雄市美濃區,TWD67,WGS84,22.900567,120.511,22.898792,120.51907,0.0017749999999985278,0.008070000000003574,849.8576664724972,23.9,86.0,多雲
C2M980,安和,嘉義縣新港鄉,TWD67,WGS84,23.515523,120.30782,23.51377,120.31593,0.0017530000000007817,0.00810999999998785,849.5684752458131,18.1,88.0,陰
C2M990,大巃頂,嘉義縣梅山鄉,TWD67,WGS84,23.556466,120.606275,23.5547,120.61439,0.0017659999999999343,0.008115000000003647,850.1468433776736,17.1,100.0,陰
C2N170,茅港尾,臺南市下營區,TWD67,WGS84,23.207857,120.254311,23.2061,120.2624,0.0017570000000013408,0.008088999999998236,849.4506666790205,20.6,80.0,陰
C2R980,竹田國中,屏東縣竹田鄉,TWD67,WGS84,22.617101,120.516069,22.61532,120.52412,0.0017810000000011428,0.008050999999994701,849.786425692544,26.3,72.0,多雲
C2R990,泰武,屏東縣泰武鄉,TWD67,WGS84,22.608649,120.689598,22.60686,120.69765,0.0017889999999987083,0.008051999999992177,850.1433622545494,20.8,85.0,陰
C2TA60,六十石,花蓮縣富里鄉,TWD67,WGS84,23.226575,121.310513,23.22477,121.31861,0.0018050000000009447,0.00809700000000646,851.3760773878979,12.8,100.0,陰
C2TA70,赤科坪,花蓮縣玉里鎮,TWD67,WGS84,23.400655,121.383571,23.39885,121.39168,0.0018050000000009447,0.008108999999990374,851.5141048186346,12.9,100.0,陰
C2UC10,出水溪,宜蘭縣大同鄉,TWD67,WGS84,24.617617,121.644058,24.615822,121.652253,0.0017949999999977706,0.008195000000000618,852.1291525649658,12.1,99.0,陰有雨
C2UC20,長嶺,宜蘭縣員山鄉,TWD67,WGS84,24.710732,121.603419,24.70894,121.61162,0.0017920000000017922,0.00820099999999968,852.0395151619917,12.8,99.0,陰
C2E980,和興,苗栗縣獅潭鄉,TWD67,WGS84,24.507081,120.914833,24.505319,120.923016,0.0017619999999993752,0.008183000000002494,850.8066141957494,12.6,100.0,陰
C2E990,新坪頂,苗栗縣卓蘭鎮,TWD67,WGS84,24.303773,120.849231,24.30201,120.8574,0.0017630000000004031,0.008168999999995208,850.7497632611406,14.0,97.0,陰
C2H9Y0,松茗,南投縣名間鄉,TWD67,WGS84,23.818463,120.642632,23.8167,120.650765,0.0017630000000004031,0.008133000000000834,850.23860251328,16.8,97.0,陰
C2RA10,大新,屏東縣內埔鄉,TWD67,WGS84,22.677362,120.569824,22.67558,120.57788,0.001781999999998618,0.008055999999996288,849.9586579052224,25.4,73.0,多雲
C2TA90,加納納,花蓮縣瑞穗鄉,TWD67,WGS84,23.468223,121.351754,23.466421,121.359867,0.0018019999999978609,0.008112999999994486,851.4210653623842,17.3,90.0,陰
C2TB30,吉安,花蓮縣吉安鄉,TWD67,WGS84,23.947182,121.539883,23.94538,121.54803,0.0018020000000014136,0.008146999999993909,851.8324081754536,17.2,94.0,陰
C2K290,崙內,雲林縣土庫鎮,TWD67,WGS84,23.697001,120.347887,23.69525,120.35601,0.0017509999999987258,0.00812299999999766,849.6925736055662,17.6,90.0,陰
C2K300,鹿南,雲林縣元長鄉,TWD67,WGS84,23.640303,120.355481,23.63855,120.3636,0.0017530000000007817,0.008119000000007759,849.6962128920011,17.9,90.0,陰
C2K250,崙背,雲林縣崙背鄉,TWD67,WGS84,23.757278,120.310803,23.75553,120.31893,0.0017479999999991946,0.00812699999998756,849.6402798066262,17.3,90.0,陰
C2K280,四湖,雲林縣四湖鄉,TWD67,WGS84,23.632147,120.219053,23.6304,120.22717,0.0017469999999981667,0.008116999999998598,849.3952050405417,18.4,86.0,陰
C2X060,下營,臺南市下營區,TWD67,WGS84,23.228563,120.248201,23.226806,120.256291,0.0017570000000013408,0.008090000000009923,849.425402520835,20.7,79.0,陰
C2S9B0,利吉,臺東縣卑南鄉,TWD67,WGS84,22.864264,121.146788,22.86246,121.15486,0.0018039999999999168,0.008071999999998525,851.0264096338941,20.6,81.0,陰
C2S9A0,北份子寮,臺東縣卑南鄉,TWD67,WGS84,22.787412,121.070064,22.78561,121.07813,0.0018020000000014136,0.008065999999999462,850.8300977519125,20.5,73.0,陰
C2SD50,順那,臺東縣東河鄉,TWD67,WGS84,23.043467,121.285235,23.04166,121.29332,0.001806999999999448,0.008084999999994125,851.3338809044598,19.2,89.0,陰
C2SD70,二層坪,臺東縣鹿野鄉,TWD67,WGS84,22.942853,121.160303,22.94105,121.16838,0.0018029999999988888,0.008077000000000112,851.032159270001,19.4,82.0,陰
C2SD60,明峰,臺東縣卑南鄉,TWD67,WGS84,22.868903,121.110178,22.8671,121.11825,0.0018029999999988888,0.008071999999998525,850.9727602334904,18.2,86.0,陰
C2SD80,再來山,臺東縣長濱鄉,TWD67,WGS84,23.345518,121.433115,23.34371,121.44122,0.0018079999999969232,0.008105000000000473,851.5304686824227,18.6,78.0,陰
C2TB80,庄子底,花蓮縣鳳林鎮,TWD67,WGS84,23.719744,121.486249,23.71794,121.49438,0.0018039999999999168,0.008131000000005884,851.7138899004659,17.4,93.0,陰
C2TB90,長橋,花蓮縣鳳林鎮,TWD67,WGS84,23.689203,121.453731,23.6874,121.46186,0.0018029999999988888,0.008128999999996722,851.6780719477524,17.4,94.0,陰
C2TB50,麻汝,花蓮縣玉里鎮,TWD67,WGS84,23.427345,121.38547,23.42554,121.39358,0.001804999999997392,0.00811000000000206,851.4510606930178,17.3,85.0,陰
C2TB70,達谷寮,花蓮縣玉里鎮,TWD67,WGS84,23.381804,121.351573,23.38,121.35968,0.0018039999999999168,0.008106999999995423,851.4039746704973,18.3,87.0,陰
C2TB60,南安,花蓮縣卓溪鄉,TWD67,WGS84,23.299981,121.253469,23.29818,121.26157,0.0018010000000003856,0.008101000000010572,851.2255843828882,18.4,86.0,陰
C2H9X0,福盛,南投縣中寮鄉,TWD67,WGS84,23.8953,120.83263,23.89353,120.84077,0.0017700000000004934,0.008140000000011582,850.6335796951744,-99.0,-99.0,陰
C2G9C0,埔南,彰化縣埔鹽鄉,TWD67,WGS84,23.992991,120.461546,23.99124,120.46969,0.0017509999999987258,0.008144000000001483,849.9330708885955,18.6,74.0,陰
C2G9E0,移民庄,彰化縣二林鎮,TWD67,WGS84,23.980148,120.394687,23.9784,120.40283,0.0017479999999991946,0.008142999999989797,849.8381295258206,18.9,74.0,陰
C2K310,港尾布雞,雲林縣崙背鄉,TWD67,WGS84,23.750092,120.376263,23.74834,120.38439,0.0017519999999997538,0.008127000000001772,849.7865890755262,17.3,90.0,陰
C2M9A0,大華,嘉義縣竹崎鄉,TWD67,WGS84,23.484171,120.6668,23.4824,120.67491,0.0017710000000015214,0.00811000000000206,850.2213933442416,18.2,97.0,陰
C2M9D0,何竹子腳,嘉義縣民雄鄉,TWD67,WGS84,23.538166,120.373918,23.53641,120.38203,0.0017560000000003129,0.00811199999999701,849.7050661402623,-99.0,-99.0,陰
C2M9C0,紫雲,嘉義縣竹崎鄉,TWD67,WGS84,23.496678,120.532142,23.494914,120.540253,0.0017639999999978784,0.008111000000013746,850.0643064737437,18.0,94.0,陰
C2M9E0,旺來山,嘉義縣民雄鄉,TWD67,WGS84,23.556913,120.478349,23.555153,120.486463,0.001760000000000872,0.008114000000006172,849.891039415514,18.0,91.0,陰
C2M9B0,西興,嘉義縣大埔鄉,TWD67,WGS84,23.244571,120.568077,23.2428,120.57617,0.0017710000000015214,0.008093000000002348,849.9865578671606,20.3,98.0,陰
C2N190,烏樹,臺南市後壁區,TWD67,WGS84,23.32569,120.361793,23.32393,120.36989,0.001760000000000872,0.00809699999999225,849.6113353962486,19.6,87.0,陰
C2N180,鹿陶洋,臺南市楠西區,TWD67,WGS84,23.145019,120.475434,23.14325,120.48352,0.0017690000000030182,0.0080859999999916,849.8378570195481,21.8,88.0,陰
C2V920,匏子寮,高雄市甲仙區,TWD67,WGS84,23.050824,120.54511,23.04905,120.55319,0.0017739999999974998,0.008080000000006748,849.9336240740025,22.2,92.0,多雲
C2V580,瑞山,高雄市內門區,TWD67,WGS84,22.904811,120.42617,22.90304,120.43424,0.0017709999999979686,0.008070000000003574,849.7293071241653,21.7,93.0,多雲
C2R9A0,高士國小,屏東縣牡丹鄉,TWD67,WGS84,22.127335,120.838508,22.12553,120.84653,0.001804999999997392,0.008021999999996865,850.3398839330788,20.5,83.0,多雲
C2M530,奮起湖,嘉義縣竹崎鄉,TWD67,WGS84,23.495674,120.691142,23.493903,120.699253,0.0017710000000015214,0.008110999999999535,850.2503980110102,15.8,99.0,陰
C2M810,里佳,嘉義縣阿里山鄉,TWD67,WGS84,23.390899,120.708543,23.389125,120.716647,0.0017740000000010525,0.008103999999988787,850.2710467928467,16.0,99.0,陰
C2C590,觀音,桃園市觀音區,TWD67,WGS84,25.028835,121.145094,25.027072,121.153317,0.0017630000000004031,0.00822300000000098,851.3761459767394,15.7,84.0,陰
C2E420,竹南,苗栗縣竹南鎮,TWD67,WGS84,24.710737,120.880772,24.70898,120.88897,0.0017570000000013408,0.008198000000007255,850.8426773490933,17.5,76.0,陰
C2E430,南庄,苗栗縣南庄鄉,TWD67,WGS84,24.603539,120.992023,24.601775,121.000214,0.001764000000001431,0.008190999999996507,851.0254576038288,15.1,90.0,陰
C2W230,畜試所澎湖,澎湖縣西嶼鄉,TWD67,WGS84,23.630055,119.505094,23.628342,119.513206,0.0017129999999987433,0.00811199999999701,848.0549666560314,18.9,84.0,陰
C2E880,三義,苗栗縣三義鄉,TWD67,WGS84,24.407236,120.741644,24.405478,120.749819,0.0017580000000023688,0.008175000000008481,850.5547794920992,12.9,99.0,陰
C2FA00,烏石坑,臺中市和平區,TWD67,WGS84,24.275269,120.939447,24.273503,120.947617,0.0017659999999999343,0.008169999999992683,851.1061926809622,16.6,99.0,陰
C2F9A0,中竹林,臺中市太平區,TWD67,WGS84,24.105556,120.743333,24.103556,120.751061,0.0019999999999988916,0.007728000000000179,815.3005251556453,16.3,99.0,陰有雨
C2G840,北斗,彰化縣北斗鎮,TWD67,WGS84,23.879222,120.506528,23.877586,120.514222,0.0016359999999977504,0.007694000000000756,803.1782296981332,17.0,98.0,陰
C2H950,中寮,南投縣中寮鄉,TWD67,WGS84,23.886278,120.758528,23.884447,120.766406,0.00183099999999925,0.007878000000005159,826.4424404375982,17.3,96.0,陰
C2I090,鳳凰,南投縣鹿谷鄉,TWD67,WGS84,23.729722,120.779167,23.728081,120.787347,0.0016409999999993374,0.008179999999995857,852.4374686448991,16.3,100.0,陰
C2F860,梨山,臺中市和平區,TWD67,WGS84,24.245,121.237667,24.247522,121.243669,0.002521999999999025,0.006001999999995178,670.0300348334279,11.0,98.0,陰
C2K240,草嶺,雲林縣古坑鄉,TWD67,WGS84,23.597319,120.685342,23.59555,120.693461,0.0017689999999994654,0.008118999999993548,850.3701480385578,17.0,100.0,陰
C2E520,大湖,苗栗縣大湖鄉,TWD67,WGS84,24.4167,120.862694,24.414939,120.870872,0.0017609999999983472,0.008178000000000907,850.8667267132508,14.6,96.0,陰有雨
C2F000,大肚,臺中市大肚區,TWD67,WGS84,24.154667,120.564,24.15295,120.572117,0.0017169999999993024,0.008117000000012808,845.3904166781343,16.3,84.0,陰
C2E540,龍溪,苗栗縣後龍鎮,TWD67,WGS84,24.608056,120.775556,24.606489,120.783933,0.0015670000000014284,0.00837700000001007,864.6249010653264,16.7,79.0,陰
C2F930,大甲,臺中市大甲區,TWD67,WGS84,24.349917,120.632361,24.347667,120.640403,0.0022500000000000853,0.008042000000003213,852.2407639235547,17.4,77.0,陰
C2G870,芳苑,彰化縣芳苑鄉,TWD67,WGS84,23.924,120.311861,23.922303,120.320025,0.0016970000000000596,0.008164000000007832,850.9913311622734,18.4,80.0,陰
C2G640,鹿港,彰化縣鹿港鎮,TWD67,WGS84,24.076944,120.422222,24.0753,120.430481,0.0016440000000024213,0.008258999999995353,858.1620043095315,18.1,80.0,陰
C2M910,嘉義大學,嘉義市東區,TWD67,WGS84,23.473087,120.477795,23.471325,120.485903,0.0017619999999993752,0.008107999999992899,849.8592663878666,18.7,89.0,陰
C2O950,安南,臺南市安南區,TWD67,WGS84,23.078333,120.136667,23.076694,120.144861,0.0016390000000008342,0.008194000000003143,857.8021119991056,20.8,83.0,陰
C2M410,馬頭山,嘉義縣大埔鄉,TWD67,WGS84,23.326389,120.573611,23.324361,120.582017,0.0020279999999992526,0.008405999999993696,887.4410176163503,23.0,88.0,陰
C2O810,曾文,臺南市楠西區,TWD67,WGS84,23.221472,120.489222,23.219681,120.497328,0.0017909999999972115,0.008105999999997948,851.9353106322387,21.2,91.0,陰
C2O930,玉井,臺南市玉井區,TWD67,WGS84,23.127833,120.452472,23.126042,120.46055,0.0017909999999972115,0.008077999999997587,849.715182992444,22.0,88.0,陰
C2V260,月眉,高雄市杉林區,TWD67,WGS84,22.972778,120.531778,22.971003,120.539853,0.0017750000000020805,0.00807499999999095,849.9268788677865,24.2,86.0,多雲
C2V250,甲仙,高雄市甲仙區,TWD67,WGS84,23.081667,120.5825,23.080106,120.591758,0.0015609999999988133,0.009258000000002653,962.8133899633864,23.3,89.0,多雲
C2N160,西拉雅風管處,臺南市官田區,TWD67,WGS84,23.191241,120.327209,23.189481,120.335297,0.001760000000000872,0.008088000000000761,849.5279879494392,19.8,86.0,陰
C2A920,富貴角,新北市石門區,TWD67,WGS84,25.265556,121.557278,25.263783,121.565258,0.0017730000000000246,0.007980000000003429,826.3212400489422,13.6,94.0,陰
C2A880,福隆,新北市貢寮區,TWD67,WGS84,25.019167,121.934167,25.017842,121.942083,0.0013249999999978002,0.007915999999994483,811.1223171743667,15.6,91.0,陰有雨
C2A540,四堵,新北市坪林區,TWD67,WGS84,24.894394,121.737519,24.8926,121.745736,0.0017939999999967426,0.008216999999987706,852.4684240607623,13.0,97.0,陰
C2A560,福山,新北市烏來區,TWD67,WGS84,24.778333,121.494583,24.776203,121.502811,0.0021300000000010755,0.008227999999988356,863.7934619953603,14.2,96.0,陰有雨
C2D720,關西工作站,新竹縣關西鎮,TWD67,WGS84,24.759045,121.176589,24.757275,121.184792,0.0017700000000004934,0.008202999999994631,851.3541303460889,15.1,89.0,陰
C2D730,寶山農場,新竹縣寶山鄉,TWD67,WGS84,24.734205,120.967953,24.732444,120.976153,0.0017609999999983472,0.008200000000002206,850.989539683905,17.1,76.0,陰
C2H9K0,屯原,南投縣仁愛鄉,TWD67,WGS84,24.069754,121.201235,24.067969,121.209389,0.0017849999999981492,0.008154000000004658,851.3140352723194,11.8,100.0,陰
C2G980,田頭村,彰化縣竹塘鄉,TWD67,WGS84,23.828053,120.436042,23.8263,120.444175,0.0017530000000007817,0.008133000000000834,849.9233736217142,16.9,95.0,陰
C2K610,草嶺石壁,雲林縣古坑鄉,TWD67,WGS84,23.604239,120.699612,23.602469,120.707731,0.0017700000000004934,0.008118999999993548,850.3534119723862,17.9,94.0,陰
C2F990,摩天嶺,臺中市和平區,TWD67,WGS84,24.324225,120.928649,24.322458,120.936819,0.0017669999999974095,0.008170000000006894,850.8210729539676,16.7,100.0,陰
C2M920,朴子農改,嘉義縣朴子市,TWD67,WGS84,23.47164,120.251277,23.469889,120.259383,0.0017510000000022785,0.008105999999997948,849.3883520740732,18.2,88.0,陰
C2M620,瑞里,嘉義縣梅山鄉,TWD67,WGS84,23.546903,120.667039,23.545133,120.675197,0.0017700000000004934,0.008157999999994558,854.5730953374315,16.7,100.0,陰
C2A660,瑞芳,新北市瑞芳區,TWD67,WGS84,25.114861,121.792639,25.113169,121.801147,0.0016920000000020252,0.008508000000006177,877.0298551380079,14.6,95.0,陰
C2A650,火燒寮,新北市平溪區,TWD67,WGS84,25.004411,121.734572,25.002719,121.742892,0.0016920000000020252,0.008319999999997663,859.288715589947,13.2,98.0,陰有雨
C2H9W0,大坪頂農水,南投縣埔里鎮,TWD67,WGS84,24.044894,120.92463,24.043122,120.932781,0.0017719999999989966,0.008151000000012232,850.8377756700074,18.3,99.0,陰
C2K620,馬光農場,雲林縣虎尾鎮,TWD67,WGS84,23.723205,120.370739,23.721453,120.378864,0.0017519999999997538,0.00812499999999261,849.754561572092,16.7,93.0,陰
C2FB50,出雲,臺中市和平區,TWD67,WGS84,24.208236,120.894632,24.206469,120.902794,0.0017670000000009622,0.00816199999999867,850.7670309765045,16.2,99.0,陰有雨
C2FB60,頭櫃山,臺中市新社區,TWD67,WGS84,24.131608,120.850769,24.129842,120.858925,0.0017659999999999343,0.008155999999999608,850.6324732915302,16.5,100.0,陰有雨
C2H9D0,三隻寮,南投縣國姓鄉,TWD67,WGS84,24.094845,120.853424,24.093078,120.861578,0.0017670000000009622,0.008153999999990447,850.6919228589295,18.5,99.0,陰
C2H9E0,國姓南港,南投縣國姓鄉,TWD67,WGS84,23.912878,120.838415,23.911108,120.846556,0.0017700000000004934,0.008141000000009058,850.6230086002563,15.8,100.0,陰
C2H9F0,柑林,南投縣國姓鄉,TWD67,WGS84,24.020426,120.838924,24.018658,120.847072,0.0017680000000019902,0.008147999999991384,850.5917789297835,18.1,95.0,陰
C2H9G0,百勝,南投縣國姓鄉,TWD67,WGS84,24.052912,120.90121,24.051142,120.909361,0.0017700000000004934,0.008150999999998021,850.73601228233,17.8,98.0,陰
C2M930,石卓,嘉義縣竹崎鄉,TWD67,WGS84,23.480516,120.694154,23.478744,120.702264,0.0017720000000025493,0.00811000000000206,850.2694557064759,14.9,100.0,陰
C2M940,日野賀,嘉義縣阿里山鄉,TWD67,WGS84,23.435829,120.719062,23.434056,120.727169,0.0017729999999964718,0.008107000000009634,850.2698510241512,18.1,92.0,陰
C2M950,太和,嘉義縣梅山鄉,TWD67,WGS84,23.540143,120.694847,23.538372,120.702961,0.0017710000000015214,0.008114000000006172,850.2761906461832,16.5,89.0,陰
C2K630,荷苞,雲林縣古坑鄉,TWD67,WGS84,23.65948,120.587023,23.657717,120.595144,0.0017629999999968504,0.00812100000000271,850.0322856960594,17.8,90.0,陰
C2H9H0,苗改南投蜂場,南投縣名間鄉,TWD67,WGS84,23.854353,120.685345,23.852589,120.693481,0.001764000000001431,0.00813600000000747,850.3383641940469,18.2,90.0,陰
C2G9A0,畜試所彰化,彰化縣北斗鎮,TWD67,WGS84,23.862208,120.549828,23.86045,120.557964,0.001757999999998816,0.00813599999999326,850.1358767061852,17.7,89.0,陰
C2E970,八甲,苗栗縣苗栗市,TWD67,WGS84,24.537566,120.787798,24.535811,120.795983,0.0017550000000028376,0.008185000000011655,850.629026077117,16.5,79.0,陰
C2H9J0,中台,南投縣埔里鎮,TWD67,WGS84,24.001373,120.930591,23.9996,120.938739,0.0017730000000000246,0.008147999999991384,850.839720626195,19.7,98.0,陰
C2H9L0,馬烈霸,南投縣仁愛鄉,TWD67,WGS84,24.152982,121.193613,24.1512,121.201772,0.0017820000000021707,0.008159000000006245,851.20645057762,12.4,99.0,陰有雨
C2H9M0,發祥,南投縣仁愛鄉,TWD67,WGS84,24.155875,121.156357,24.154094,121.164517,0.0017810000000011428,0.00816000000000372,851.2610147005125,16.2,97.0,陰
C2H9N0,仁愛東眼,南投縣仁愛鄉,TWD67,WGS84,24.028656,121.112349,24.026875,121.1205,0.0017810000000011428,0.008151000000012232,851.1718678720491,15.1,100.0,陰
C2H9P0,伊拿谷,南投縣仁愛鄉,TWD67,WGS84,23.964991,121.080118,23.963211,121.088264,0.0017800000000001148,0.008145999999996434,851.0502114260621,18.2,95.0,陰
C2H9Q0,北東眼山,南投縣仁愛鄉,TWD67,WGS84,24.122721,121.181145,24.120939,121.189303,0.001781999999998618,0.008157999999994558,851.2983094355662,12.7,99.0,陰
C2H9R0,卓社,南投縣仁愛鄉,TWD67,WGS84,23.889672,120.991946,23.887894,121.000086,0.0017780000000016116,0.008139999999997372,850.8748890412772,15.8,100.0,陰
C2H9S0,龍南,南投縣國姓鄉,TWD67,WGS84,23.955305,120.825039,23.953536,120.833183,0.0017689999999994654,0.008144000000001483,850.6293148734106,16.7,100.0,陰
C2R970,屏科大,屏東縣內埔鄉,TWD67,WGS84,22.65006,120.611193,22.648275,120.619247,0.0017849999999981492,0.008054000000001338,849.9968533095632,25.0,82.0,多雲
C2H9T0,名間竹圍,南投縣名間鄉,TWD67,WGS84,23.861675,120.629436,23.859914,120.637572,0.0017610000000019,0.00813600000000747,850.2159655483505,17.0,93.0,陰
C2H9U0,鳳鵬,南投縣鹿谷鄉,TWD67,WGS84,23.76569,120.779931,23.763919,120.788061,0.0017709999999979686,0.008129999999994197,850.4740568381025,17.4,99.0,陰
CAF010,國一N174K,臺中市西屯區,TWD67,WGS84,24.206657,120.647035,24.2049,120.6552,0.0017570000000013408,0.008164999999991096,850.8169909062912,17.1,88.0,陰
CAG010,國一N198K,彰化縣彰化市,TWD67,WGS84,24.065639,120.514899,24.063889,120.523056,0.0017500000000012506,0.008156999999997083,850.7373367098628,18.0,81.0,陰
CAJ020,國一N234K,雲林縣西螺鎮,TWD67,WGS84,23.748078,120.459788,23.74633,120.467926,0.0017479999999991946,0.008138000000002421,850.78710938788,16.5,95.0,陰有雨
CAL010,國一N250K,嘉義縣大林鎮,TWD67,WGS84,23.612038,120.428737,23.610292,120.436867,0.0017459999999971387,0.008130000000008408,850.782865356085,18.0,97.0,陰
CAD010,國一S105K,新竹縣寶山鄉,TWD67,WGS84,24.728088,120.932448,24.726316,120.940643,0.0017719999999989966,0.008195000000000618,850.8201968339331,17.3,82.0,陰
CAE020,國一S114K,苗栗縣頭份市,TWD67,WGS84,24.670593,120.877616,24.668836,120.885811,0.0017570000000013408,0.008195000000000618,850.8072951512761,17.7,74.0,陰
CAE030,國一S123K,苗栗縣頭屋鄉,TWD67,WGS84,24.597708,120.852523,24.59594,120.86071,0.0017680000000019902,0.008186999999992395,850.7721574848987,17.0,76.0,陰
CAE040,國一S132K,苗栗縣公館鄉,TWD67,WGS84,24.526272,120.812648,24.524506,120.820831,0.0017659999999999343,0.008183000000002494,850.7861134267217,17.0,78.0,陰
CAE050,國一S152K,苗栗縣三義鄉,TWD67,WGS84,24.377254,120.74101,24.375492,120.749184,0.0017619999999993752,0.008173999999996795,850.7497228301413,15.1,87.0,陰
CAF020,國一S162K,臺中市后里區,TWD67,WGS84,24.297293,120.687806,24.295534,120.695976,0.001758999999999844,0.008170000000006894,850.787144899723,16.2,83.0,陰
CAF030,國一S169K,臺中市神岡區,TWD67,WGS84,24.238875,120.680105,24.237116,120.688271,0.001758999999999844,0.008166000000002782,850.7629243900958,17.2,87.0,陰
CAF040,國一S188K,臺中市大肚區,TWD67,WGS84,24.120299,120.577587,24.118546,120.585747,0.0017530000000007817,0.00816000000000372,850.7662521271767,18.2,78.0,陰
CAG030,國一S207K,彰化縣大村鄉,TWD67,WGS84,23.990053,120.499939,23.988304,120.508092,0.0017490000000002226,0.008153000000007182,850.7906043477977,18.0,85.0,陰
CAE060,國三N119K,苗栗縣竹南鎮,TWD67,WGS84,24.677199,120.839196,24.675432,120.847389,0.0017670000000009622,0.008193000000005668,850.8240576117444,17.3,82.0,陰
CAE070,國三N151K,苗栗縣苑裡鎮,TWD67,WGS84,24.441976,120.673477,24.440218,120.681656,0.001757999999998816,0.008178999999998382,850.727067804651,17.3,74.0,陰
CAG040,國三N191K,彰化縣和美鎮,TWD67,WGS84,24.141006,120.513338,24.139256,120.5215,0.0017500000000012506,0.00816199999999867,850.7569341432934,17.8,81.0,陰
CAG050,國三N196K,彰化縣彰化市,TWD67,WGS84,24.108907,120.546322,24.107155,120.554482,0.0017519999999997538,0.008159999999989509,850.8125259123717,18.1,78.0,陰有雨
CAF050,國三N208K,臺中市霧峰區,TWD67,WGS84,24.067905,120.652763,24.066147,120.660919,0.001757999999998816,0.008156000000013819,850.8282236875457,17.2,96.0,陰
CAE560,國一S144K,苗栗縣銅鑼鄉,TWD67,WGS84,24.438818,120.770016,24.437042,120.778219,0.0017759999999995557,0.008203000000008842,853.5729226394303,15.3,86.0,陰
CAF950,國一N158K,臺中市后里區,TWD67,WGS84,24.334121,120.708967,24.332372,120.717144,0.0017490000000002226,0.008177000000003432,850.9885407656229,15.8,92.0,陰
CAF960,國三S175K,臺中市沙鹿區,TWD67,WGS84,24.253246,120.58152,24.251494,120.589683,0.0017519999999997538,0.008162999999996146,850.1971996928504,16.7,78.0,陰
CAF980,國三N183K,臺中市龍井區,TWD67,WGS84,24.19538,120.562148,24.193628,120.570311,0.0017519999999997538,0.008163000000010356,850.56332240564,16.8,82.0,陰
CAH010,國三N223K,南投縣草屯鎮,TWD67,WGS84,23.956874,120.654227,23.955116,120.662376,0.001757999999998816,0.00814899999998886,850.831950075369,16.7,86.0,陰
CAJ010,國三N252K,雲林縣林內鄉,TWD67,WGS84,23.775877,120.632472,23.77412,120.64061,0.0017570000000013408,0.00813799999998821,850.8441487162579,18.0,100.0,陰
CAE080,國三S140K,苗栗縣通霄鎮,TWD67,WGS84,24.524106,120.716822,24.522345,120.725006,0.0017609999999983472,0.008183999999999969,850.7702872278886,17.3,78.0,陰
CAE090,國三S156K,苗栗縣苑裡鎮,TWD67,WGS84,24.399738,120.66131,24.39798,120.669487,0.001757999999998816,0.008177000000003432,850.7997203124751,17.3,77.0,陰
CAF060,國三S168K,臺中市清水區,TWD67,WGS84,24.310274,120.606299,24.308519,120.614471,0.001754999999999285,0.008171999999987634,850.7998076820243,17.0,79.0,陰
CAG060,國三S202K,彰化縣彰化市,TWD67,WGS84,24.094222,120.595098,24.092468,120.603256,0.001753999999998257,0.00815800000000877,850.7583048859885,18.5,82.0,陰
CAH020,國三S217K,南投縣草屯鎮,TWD67,WGS84,24.008587,120.645062,24.00683,120.653214,0.0017569999999977881,0.008152000000009707,850.7794655140992,17.0,100.0,陰有雨
CAF090,國四E5K,臺中市神岡區,TWD67,WGS84,24.298221,120.634964,24.296465,120.643135,0.0017560000000003129,0.00817100000000437,850.803255308244,16.7,87.0,陰
CAA090,國三甲005K,臺北市文山區,TWD67,WGS84,25.003726,121.589277,25.00194,121.5975,0.0017859999999991771,0.00822300000000098,852.1335139860541,15.0,97.0,陰
CAC020,國二E009K,桃園市桃園區,TWD67,WGS84,25.020014,121.265475,25.018244,121.273697,0.0017700000000004934,0.008222000000003504,851.5156302556326,15.6,89.0,陰
CAB050,國三N002K,基隆市中山區,TWD67,WGS84,25.147619,121.713466,25.14583,121.7217,0.0017889999999987083,0.008234000000001629,852.3416631219235,14.9,92.0,陰
CAB030,國三S004K,基隆市七堵區,TWD67,WGS84,25.116228,121.680369,25.11444,121.6886,0.001788000000001233,0.008230999999994992,852.2291592787499,14.1,93.0,陰
CAB040,國三S007K,基隆市七堵區,TWD67,WGS84,25.098727,121.65957,25.09694,121.6678,0.001787000000000205,0.008229999999997517,852.2206507843263,14.6,97.0,陰有靄
CAA030,國三S010K,新北市汐止區,TWD67,WGS84,25.081787,121.639272,25.08,121.6475,0.001787000000000205,0.008227999999988356,852.1363487411888,14.8,86.0,陰
CAA040,國三S016K,臺北市南港區,TWD67,WGS84,25.034846,121.607575,25.03306,121.6158,0.0017860000000027298,0.00822499999999593,852.1252177989825,14.6,98.0,陰
CAA050,國三S037K,新北市土城區,TWD67,WGS84,24.984141,121.462821,24.982361,121.471042,0.0017800000000001148,0.008220999999991818,851.910629198566,14.9,97.0,陰
CAA060,國三S042K,新北市土城區,TWD67,WGS84,24.961778,121.422381,24.96,121.4306,0.001777999999998059,0.008218999999996868,851.8093859727583,15.1,94.0,陰
CAA070,國三N046K,新北市樹林區,TWD67,WGS84,24.952607,121.387582,24.95083,121.3958,0.0017770000000005837,0.008217999999999392,851.7455527155696,15.3,94.0,陰
CAA990,國一N039K,新北市泰山區,TWD67,WGS84,25.066207,121.373771,25.064433,121.381972,0.0017739999999974998,0.00820099999999968,849.2575693363154,15.0,87.0,陰
CAC760,國一高架N063K,桃園市平鎮區,TWD67,WGS84,24.952048,121.188097,24.950281,121.196314,0.0017670000000009622,0.008217000000001917,851.393813504885,15.6,86.0,陰
CAD710,國三N077K,新竹縣關西鎮,TWD67,WGS84,24.799064,121.181827,24.797294,121.190033,0.0017700000000004934,0.008206000000001268,851.3889767065701,14.6,92.0,陰
CAC770,國三N072K,桃園市龍潭區,TWD67,WGS84,24.838161,121.191163,24.836391,121.199371,0.0017700000000004934,0.008207999999996218,851.3310661815086,13.6,99.0,陰
CAAD60,國五S005K,新北市石碇區,TWD67,WGS84,24.998202,121.643708,24.996414,121.651931,0.0017879999999976803,0.00822300000000098,852.2216049926722,14.0,90.0,陰有靄
CAAD70,國五S006K,新北市石碇區,TWD67,WGS84,24.991753,121.64875,24.989964,121.656972,0.0017889999999987083,0.008221999999989293,852.1918393421189,14.3,96.0,陰有靄
CAAD80,國五N008K,新北市石碇區,TWD67,WGS84,24.985201,121.659868,24.982411,121.668089,0.0027900000000009584,0.008220999999991818,884.768600159089,14.0,97.0,陰有靄
CAAD90,國五N013K,新北市坪林區,TWD67,WGS84,24.949395,121.697289,24.947603,121.705508,0.0017919999999982394,0.008218999999996868,852.2531164783902,13.6,98.0,陰有靄
CAUB30,國五S031K,宜蘭縣礁溪鄉,TWD67,WGS84,24.820942,121.774168,24.819144,121.782378,0.0017979999999973018,0.008209999999991169,852.3645023146503,15.6,96.0,陰有靄
CAUB40,國五S041K,宜蘭縣壯圍鄉,TWD67,WGS84,24.736563,121.773719,24.734764,121.781922,0.0017990000000018824,0.008202999999994631,852.2511084928522,15.9,93.0,陰
CAUB50,國五S047K,宜蘭縣羅東鎮,TWD67,WGS84,24.677257,121.786384,24.675456,121.794583,0.0018010000000003856,0.00819900000000473,852.2940587580168,15.6,92.0,陰
CAA080,國三S054K,新北市鶯歌區,TWD67,WGS84,24.940943,121.315683,24.93917,121.3239,0.0017730000000000246,0.008216999999987706,851.6207074546143,15.5,90.0,陰
CAC030,國三N063K,桃園市大溪區,TWD67,WGS84,24.891285,121.255387,24.889514,121.2636,0.0017710000000015214,0.008212999999997805,851.5012781514787,14.1,95.0,陰
CAD080,國三N085K,新竹縣關西鎮,TWD67,WGS84,24.785096,121.112895,24.78333,121.1211,0.0017659999999999343,0.008205000000003793,851.2787833960456,15.3,90.0,陰
CAD090,國三S103K,新竹市東區,TWD67,WGS84,24.76037,120.952631,24.75861,120.9608,0.001760000000000872,0.008169000000009419,847.7484015338763,16.8,83.0,陰
CAB010,國一S001K,基隆市安樂區,TWD67,WGS84,25.11762,121.720369,25.11583,121.7286,0.0017899999999997362,0.008230999999994992,852.2718975399841,15.0,92.0,陰有靄
CAB020,國一S006K,基隆市七堵區,TWD67,WGS84,25.088729,121.678671,25.08694,121.6869,0.001789000000002261,0.008229000000000042,852.2404659679607,15.0,94.0,陰有雨
CAA010,國一N013K,新北市汐止區,TWD67,WGS84,25.068524,121.619925,25.066739,121.628153,0.001785000000001702,0.008228000000002567,852.1717964991321,15.1,94.0,陰
CAA020,國一S026K,新北市三重區,TWD67,WGS84,25.078169,121.488172,25.07639,121.4964,0.0017789999999990869,0.008227999999988356,851.9531486676772,16.3,82.0,陰
CAC010,國一S072K,桃園市楊梅區,TWD67,WGS84,24.897595,121.125987,24.89583,121.1342,0.0017649999999989063,0.008213000000012016,851.3060146601993,15.1,87.0,陰
CAD020,國一N077K,新竹縣湖口鄉,TWD67,WGS84,24.886763,121.080688,24.885,121.0889,0.0017629999999968504,0.00821200000000033,851.2273230372084,15.6,85.0,陰
CAD030,國一S082K,新竹縣湖口鄉,TWD67,WGS84,24.878431,121.038489,24.87667,121.0467,0.0017609999999983472,0.008211000000002855,851.1323283696414,15.0,88.0,陰
CAD040,國一S088K,新竹縣竹北市,TWD67,WGS84,24.8462,121.013191,24.84444,121.0214,0.001760000000000872,0.008208999999993694,851.1204988746824,16.2,88.0,陰
CAD050,國一N094K,新竹市東區,TWD67,WGS84,24.799541,121.000695,24.79778,121.0089,0.0017610000000019,0.008205000000003793,851.0568264329204,17.3,75.0,陰
CAD060,國一S098K,新竹縣寶山鄉,TWD67,WGS84,24.762369,120.982894,24.76056,120.9911,0.0018089999999979511,0.008206000000001268,852.6400543675168,16.8,81.0,陰
CAL020,國一S262K,嘉義縣民雄鄉,TWD67,WGS84,23.51409,120.394928,23.512333,120.403038,0.0017569999999977881,0.00811000000000206,849.6794052924346,18.1,95.0,陰
CAL030,國一N268K,嘉義縣水上鄉,TWD67,WGS84,23.46259,120.367726,23.460833,120.375833,0.0017569999999977881,0.008106999999995423,849.6959937624682,18.2,95.0,陰
CAL040,國一N273K,嘉義縣水上鄉,TWD67,WGS84,23.418417,120.346896,23.416666,120.355,0.0017510000000022785,0.008104000000002998,849.513958506773,18.2,96.0,陰
CAN010,國一N288K,臺南市新營區,TWD67,WGS84,23.307846,120.281937,23.30609,120.290033,0.0017560000000003129,0.008095999999994774,849.5176051819195,19.0,90.0,陰
CAN020,國一S306K,臺南市麻豆區,TWD67,WGS84,23.154587,120.222474,23.152831,120.230558,0.0017560000000003129,0.00808399999999665,849.2479519152912,19.3,83.0,陰
CAN040,國一N323K,臺南市永康區,TWD67,WGS84,23.01355,120.241377,23.011789,120.249453,0.0017609999999983472,0.008076000000002637,849.4234134489809,20.5,93.0,陰
CAP010,國一S342K,高雄市路竹區,TWD67,WGS84,22.847321,120.286935,22.845555,120.295,0.0017659999999999343,0.008065000000001987,849.4426576946815,21.7,95.0,多雲
CAP020,國一S346K,高雄市岡山區,TWD67,WGS84,22.81399,120.306103,22.812222,120.314166,0.0017680000000019902,0.008063000000007037,849.491593005392,21.8,92.0,多雲
CAP030,國一N351K,高雄市橋頭區,TWD67,WGS84,22.767602,120.320828,22.765833,120.328888,0.0017689999999994654,0.0080600000000004,849.491631404996,-99.0,-99.0,多雲
CAP040,國一N361K,高雄市仁武區,TWD67,WGS84,22.682326,120.320557,22.680555,120.328611,0.0017710000000015214,0.008054000000001338,849.4455978510177,25.1,82.0,多雲
CAL050,國三N279K,嘉義縣大林鎮,TWD67,WGS84,23.597872,120.515216,23.596111,120.523333,0.0017609999999983472,0.008116999999998598,849.9630870443252,18.0,94.0,陰
CAL070,國三N295K,嘉義市東區,TWD67,WGS84,23.470361,120.491261,23.468598,120.499369,0.0017630000000004031,0.00810800000000711,849.90153451017,17.6,97.0,陰
CAM900,國三S290K,嘉義縣竹崎鄉,TWD67,WGS84,23.505867,120.482631,23.504106,120.490742,0.0017609999999983472,0.008110999999999535,849.9312596947639,18.3,97.0,陰
CAV270,國一S336K,高雄市路竹區,TWD67,WGS84,22.89593,120.263097,22.894167,120.271178,0.0017630000000004031,0.008081000000004224,850.6726448851408,21.5,90.0,多雲
CAN150,國一N315K,臺南市新市區,TWD67,WGS84,23.08526,120.24383,23.0835,120.251897,0.001760000000000872,0.008066999999996938,848.0737977094451,20.0,89.0,陰
CAV280,國三S378K,高雄市田寮區,TWD67,WGS84,22.82773,120.407455,22.825958,120.415519,0.0017719999999989966,0.008064000000004512,849.613226858428,22.8,95.0,多雲
CAL080,國三N303K,嘉義縣中埔鄉,TWD67,WGS84,23.413742,120.444389,23.411969,120.452447,0.0017730000000000246,0.00805800000000545,845.5412932679633,18.2,96.0,陰
CAN060,國三S311K,臺南市白河區,TWD67,WGS84,23.34815,120.430789,23.346388,120.438888,0.0017619999999993752,0.00809900000000141,849.7252348221473,18.2,89.0,陰
CAN070,國三S329K,臺南市官田區,TWD67,WGS84,23.214538,120.347743,23.212777,120.355833,0.0017610000000019,0.008090000000009923,849.6123058080476,19.0,96.0,陰
CAN080,國三N336K,臺南市官田區,TWD67,WGS84,23.156484,120.336914,23.154722,120.345,0.0017619999999993752,0.00808600000000581,849.5891874370982,19.5,99.0,陰
CAN090,國三S342K,臺南市善化區,TWD67,WGS84,23.108456,120.319446,23.106694,120.327528,0.0017619999999993752,0.008082000000001699,849.4792204112608,19.3,89.0,陰
CAN100,國三S366K,臺南市關廟區,TWD67,WGS84,22.909476,120.343284,22.9077,120.3513,0.0017760000000031084,0.008015999999997803,844.4521364619101,20.6,89.0,多雲有靄
CAP060,國三S385K,高雄市大樹區,TWD67,WGS84,22.769552,120.436379,22.767777,120.444444,0.0017750000000020805,0.008065000000001987,850.133536458511,24.8,82.0,多雲
CAQ020,國三S415K,屏東縣竹田鄉,TWD67,WGS84,22.569782,120.519952,22.568,120.528,0.001781999999998618,0.008048000000002276,849.7890104352502,24.7,76.0,多雲
CAQ010,國三N425K,屏東縣南州鄉,TWD67,WGS84,22.482061,120.523624,22.480277,120.531666,0.001784000000000674,0.008042000000003213,849.7518313324757,24.5,84.0,多雲
CAJ040,西濱S241K,雲林縣口湖鄉,TWD67,WGS84,23.625171,120.164529,23.623426,120.172646,0.0017450000000032162,0.008116999999998598,849.3872448353231,-99.0,-99.0,陰
CAL100,西濱S267K,嘉義縣東石鄉,TWD67,WGS84,23.417568,120.15477,23.41613,120.162872,0.0014380000000002724,0.008101999999993836,842.0226499074221,18.3,84.0,陰
CAC050,西濱S023K,桃園市蘆竹區,TWD67,WGS84,25.118258,121.26728,25.11649,121.27551,0.0017680000000019902,0.008229999999997517,851.6016718793576,16.3,84.0,陰
CAC060,西濱S032K,桃園市大園區,TWD67,WGS84,25.09373,121.184277,25.091966,121.192505,0.001764000000001431,0.008228000000002567,851.4648538566308,-99.0,-99.0,陰
CAD100,西濱N066K,新竹縣新豐鄉,TWD67,WGS84,24.897357,120.956688,24.8956,120.9649,0.0017569999999977881,0.00821200000000033,851.0047371549332,16.9,80.0,陰
CAD110,西濱S082K,新竹市香山區,TWD67,WGS84,24.753481,120.896827,24.751724,120.905028,0.0017570000000013408,0.00820099999999968,850.8606112062082,17.3,77.0,陰
CAE100,西濱N107K,苗栗縣後龍鎮,TWD67,WGS84,24.597551,120.731211,24.5958,120.7394,0.0017509999999987258,0.008189000000001556,850.5351366001014,17.2,79.0,陰
CAE110,西濱S129K,苗栗縣苑裡鎮,TWD67,WGS84,24.44895,120.634622,24.4472,120.6428,0.0017500000000012506,0.008178000000000907,850.3799462754879,18.0,74.0,陰
CAF100,西濱N151K,臺中市清水區,TWD67,WGS84,24.277713,120.539516,24.275964,120.547681,0.0017490000000002226,0.008164999999991096,850.1630988217129,18.1,73.0,陰
CAG070,西濱S173K,彰化縣鹿港鎮,TWD67,WGS84,24.109847,120.426423,24.1081,120.434576,0.0017469999999981667,0.008153000000007182,849.9877787953079,17.8,79.0,陰
CAG080,西濱S189K,彰化縣芳苑鄉,TWD67,WGS84,23.989603,120.361463,23.987857,120.369607,0.0017459999999971387,0.008144000000001483,849.8270611289346,17.8,80.0,陰
CAG090,西濱N210K,彰化縣大城鄉,TWD67,WGS84,23.845282,120.285103,23.843536,120.293236,0.0017460000000006914,0.008132999999986623,849.6381881238106,18.4,77.0,陰
CAJ030,西濱N222K,雲林縣麥寮鄉,TWD67,WGS84,23.73948,120.248007,23.737734,120.256132,0.0017460000000006914,0.00812499999999261,849.5012932342419,18.4,78.0,陰
CAL090,西濱S257K,嘉義縣東石鄉,TWD67,WGS84,23.504025,120.163753,23.502278,120.171861,0.0017469999999981667,0.00810800000000711,849.2873694537055,18.6,82.0,陰
CAN110,西濱S280K,臺南市北門區,TWD67,WGS84,23.30695,120.140816,23.3052,120.14891,0.0017500000000012506,0.008093999999999824,849.1711005038976,18.9,84.0,陰
CAN120,西濱N304K,臺南市七股區,TWD67,WGS84,23.10519,120.078614,23.103439,120.086694,0.0017509999999987258,0.008079999999992538,849.018378509009,19.4,87.0,陰
