station_id,station_name,latitude,longitude,temperature,humidity,observation_time,location,weather,wind_speed,wind_direction,air_pressure
466940,基隆,25.133314,121.740475,15.9,82.0,2026-03-03T16:20:00+08:00,基隆市仁愛區,陰,6.6,20.0,1014.8
466900,淡水,25.164889,121.448906,15.5,86.0,2026-03-03T16:20:00+08:00,新北市淡水區,陰,3.5,20.0,1015.2
466881,新北,24.959207,121.525196,15.3,95.0,2026-03-03T16:20:00+08:00,新北市新店區,陰,1.2,70.0,1015.0
466930,陽明山,25.162078,121.544547,11.2,94.0,2026-03-03T16:20:00+08:00,臺北市北投區,陰,6.0,20.0,946.3
466910,鞍部,25.182586,121.529731,9.6,100.0,2026-03-03T16:20:00+08:00,臺北市北投區,陰有雨,2.1,360.0,-99.0
467571,新竹,24.828575,121.01445,17.1,80.0,2026-03-03T16:20:00+08:00,新竹縣竹北市,陰,3.4,30.0,1012.5
467490,臺中,24.145736,120.684075,19.3,76.0,2026-03-03T16:20:00+08:00,臺中市北區,陰,1.7,340.0,1003.7
C0FA30,梧棲,24.256003,120.523381,17.9,80.0,2026-03-03T16:20:00+08:00,臺中市梧棲區,陰,7.0,360.0,-99.0
467350,澎湖,23.565503,119.563094,19.7,80.0,2026-03-03T16:20:00+08:00,澎湖縣馬公市,陰,5.9,30.0,1013.1
467650,日月潭,23.881325,120.90805,17.4,100.0,2026-03-03T16:20:00+08:00,南投縣魚池鄉,陰有霧,0.3,330.0,-99.0
467530,阿里山,23.508208,120.813242,9.9,100.0,2026-03-03T16:20:00+08:00,嘉義縣阿里山鄉,陰有靄,0.7,330.0,-99.0
467550,玉山,23.48718,120.95943,3.3,99.0,2026-03-03T16:20:00+08:00,南投縣信義鄉,陰,7.1,270.0,-99.0
467480,嘉義,23.495925,120.432906,18.8,88.0,2026-03-03T16:20:00+08:00,嘉義市西區,陰,3.0,10.0,1009.8
467410,臺南,22.99328,120.20492,21.0,80.0,2026-03-03T16:20:00+08:00,臺南市中西區,陰,4.4,10.0,1009.6
467441,高雄,22.730432,120.312516,24.2,81.0,2026-03-03T16:20:00+08:00,高雄市楠梓區,多雲,0.7,10.0,1010.5
467590,恆春,22.003897,120.746339,23.1,69.0,2026-03-03T16:20:00+08:00,屏東縣恆春鎮,多雲,4.5,50.0,1009.5
467080,宜蘭,24.763975,121.756528,16.0,91.0,2026-03-03T16:20:00+08:00,宜蘭縣宜蘭市,陰,2.3,30.0,1017.1
466990,花蓮,23.975128,121.613275,18.9,79.0,2026-03-03T16:20:00+08:00,花蓮縣花蓮市,陰,6.4,50.0,1014.0
467610,成功,23.097486,121.373428,19.4,82.0,2026-03-03T16:20:00+08:00,臺東縣成功鎮,陰,4.2,20.0,1010.8
467660,臺東,22.752211,121.154586,21.1,78.0,2026-03-03T16:20:00+08:00,臺東縣臺東市,陰,2.4,30.0,1013.7
467540,大武,22.35572,120.90374,21.2,76.0,2026-03-03T16:20:00+08:00,臺東縣大武鄉,陰,3.0,30.0,1013.5
467620,蘭嶼,22.0369,121.55843,18.7,99.0,2026-03-03T16:20:00+08:00,臺東縣蘭嶼鄉,多雲,8.5,20.0,975.9
466950,彭佳嶼,25.627975,122.079744,14.9,83.0,2026-03-03T16:20:00+08:00,基隆市中正區,陰,9.1,40.0,1006.2
467300,東吉島,23.25727,119.66762,20.3,84.0,2026-03-03T16:20:00+08:00,澎湖縣望安鄉,陰,14.4,20.0,1008.6
469020,南沙島,10.370203,114.364286,31.0,73.0,2026-03-03T16:20:00+08:00,高雄市旗津區,-99,1.2,10.0,1010.9
468100,東沙島,20.700856,116.73,23.2,89.0,2026-03-03T16:20:00+08:00,高雄市旗津區,-99,-99.0,-99.0,1011.7
467420,永康,23.038386,120.2367,20.8,82.0,2026-03-03T16:20:00+08:00,臺南市永康區,陰,4.5,360.0,1011.2
C2W030,金門(東),24.448431,118.451786,14.8,75.0,2026-03-03T16:20:00+08:00,金門縣金湖鎮,陰,5.5,30.0,-99.0
466920,臺北,25.037658,121.514853,15.9,87.0,2026-03-03T16:20:00+08:00,臺北市中正區,陰,3.6,100.0,1014.0
A0G720,彰師大,24.081389,120.556667,19.0,80.0,2026-03-03T16:20:00+08:00,彰化縣彰化市,陰,1.8,300.0,-99.0
A0Z080,合歡山,24.143186,121.284231,-99.0,-99.0,2026-03-03T16:20:00+08:00,花蓮縣秀林鄉,陰,-99.0,-99.0,-99.0
A0W080,吉貝,23.740011,119.604189,-99.0,-99.0,2026-03-03T16:20:00+08:00,澎湖縣白沙鄉,陰,-99.0,-99.0,-99.0
467110,金門,24.407306,118.289281,14.9,74.0,2026-03-03T16:20:00+08:00,金門縣金城鎮,陰,6.1,60.0,1013.5
467990,馬祖,26.169467,119.923158,11.8,82.0,2026-03-03T16:20:00+08:00,連江縣南竿鄉,陰,4.2,70.0,1009.4
A0K420,麥寮,23.798783,120.217717,18.8,81.0,2026-03-03T16:20:00+08:00,雲林縣麥寮鄉,陰,7.8,30.0,-99.0
467050,新屋,25.006725,121.047492,16.4,81.0,2026-03-03T16:20:00+08:00,桃園市新屋區,陰,7.9,50.0,1014.2
A2K570,古坑(花卉中心),23.63353,120.55239,18.3,92.0,2026-03-03T16:20:00+08:00,雲林縣古坑鄉,陰,1.3,20.0,-99.0
CAAH60,大安森林,25.02955,121.53628,15.0,91.0,2026-03-03T16:20:00+08:00,臺北市大安區,陰,0.3,90.0,-99.0
CAHA00,消防署訓練中心,23.82137,120.72293,18.1,92.0,2026-03-03T16:20:00+08:00,南投縣竹山鎮,陰,0.6,290.0,-99.0
467270,田中,23.873803,120.581286,17.5,92.0,2026-03-03T16:20:00+08:00,彰化縣田中鎮,陰,2.5,350.0,1008.5
CAC040,拉拉山,24.699317,121.427133,11.5,95.0,2026-03-03T16:20:00+08:00,桃園市復興區,陰,1.0,350.0,-99.0
CAW010,東引,26.358836,120.483631,12.3,76.0,2026-03-03T16:20:00+08:00,連江縣東引鄉,陰,6.8,60.0,-99.0
CAP070,高雄燈塔,22.614594,120.26468,24.1,82.0,2026-03-03T16:20:00+08:00,高雄市旗津區,多雲,1.1,180.0,-99.0
A0F010,武陵,24.352825,121.308286,14.7,90.0,2026-03-03T16:20:00+08:00,臺中市和平區,陰,1.8,170.0,-99.0
467280,後龍,24.648563,120.831834,17.6,76.0,2026-03-03T16:20:00+08:00,苗栗縣造橋鄉,陰,5.0,40.0,1011.1
467290,古坑,23.633639,120.551889,18.3,92.0,2026-03-03T16:20:00+08:00,雲林縣古坑鄉,陰,1.6,30.0,1002.6
C2C410,中央大學,24.967652,121.185165,15.6,85.0,2026-03-03T16:20:00+08:00,桃園市中壢區,陰,4.0,50.0,-99.0
A0A460,文化大學,25.13605,121.53987,12.6,93.0,2026-03-03T16:20:00+08:00,臺北市士林區,陰,5.2,50.0,-99.0
A0A010,臺灣大學,25.014278,121.539416,15.4,88.0,2026-03-03T16:20:00+08:00,臺北市大安區,陰,1.5,50.0,-99.0
72S200,班鳩分場,22.829528,121.077694,18.6,79.0,2026-03-03T16:20:00+08:00,臺東縣卑南鄉,陰,0.9,30.0,-99.0
72S590,賓朗果園,22.813889,121.071278,18.2,-99.0,2026-03-03T16:20:00+08:00,臺東縣卑南鄉,陰,1.8,20.0,-99.0
82S580,臺東茶改,22.907694,121.130139,19.6,82.0,2026-03-03T16:20:00+08:00,臺東縣鹿野鄉,陰,1.9,20.0,-99.0
U2H480,臺大溪頭,23.670306,120.798194,16.3,98.0,2026-03-03T16:20:00+08:00,南投縣鹿谷鄉,陰,1.0,330.0,-99.0
72G600,臺中農改,24.003028,120.534389,18.2,87.0,2026-03-03T16:20:00+08:00,彰化縣大村鄉,陰,0.5,50.0,-99.0
72K220,雲林分場,23.634556,120.477333,19.0,88.0,2026-03-03T16:20:00+08:00,雲林縣斗南鎮,陰,1.1,360.0,-99.0
72N100,臺南農改,23.0605,120.342194,20.1,90.0,2026-03-03T16:20:00+08:00,臺南市新化區,陰,-99.0,-99.0,-99.0
72V140,旗南農改,22.857861,120.516667,23.4,90.0,2026-03-03T16:20:00+08:00,高雄市旗山區,多雲,3.3,320.0,-99.0
72Q010,高雄農改,22.709333,120.525889,26.0,73.0,2026-03-03T16:20:00+08:00,屏東縣長治鄉,多雲,0.7,280.0,-99.0
B2E890,新竹畜試,24.527806,120.770972,17.2,74.0,2026-03-03T16:20:00+08:00,苗栗縣西湖鄉,陰,2.5,120.0,-99.0
72C440,桃園農改,24.950944,121.030583,16.6,81.0,2026-03-03T16:20:00+08:00,桃園市新屋區,陰,6.5,50.0,-99.0
72D080,五峰站,24.612194,121.157167,11.7,99.0,2026-03-03T16:20:00+08:00,新竹縣五峰鄉,陰,1.0,10.0,-99.0
82C160,茶改場,24.908472,121.185333,15.3,78.0,2026-03-03T16:20:00+08:00,桃園市楊梅區,陰,3.7,70.0,-99.0
A2C560,農工中心,24.985917,121.239833,16.4,78.0,2026-03-03T16:20:00+08:00,桃園市中壢區,陰,1.9,70.0,-99.0
82A750,文山茶改,24.955778,121.631222,12.5,97.0,2026-03-03T16:20:00+08:00,新北市石碇區,陰,1.4,40.0,-99.0
72U480,蘭陽分場,24.686306,121.716583,16.2,91.0,2026-03-03T16:20:00+08:00,宜蘭縣三星鄉,陰,0.8,100.0,-99.0
K2E360,苗栗農改,24.495722,120.829111,16.3,81.0,2026-03-03T16:20:00+08:00,苗栗縣公館鄉,陰,4.0,30.0,-99.0
K2E710,大湖分場,24.422861,120.871833,14.6,93.0,2026-03-03T16:20:00+08:00,苗栗縣大湖鄉,陰有雨,1.8,30.0,-99.0
K2F750,種苗繁殖,24.225972,120.800917,15.7,93.0,2026-03-03T16:20:00+08:00,臺中市新社區,陰,1.8,20.0,-99.0
82H840,凍頂茶改,23.762528,120.7405,16.0,99.0,2026-03-03T16:20:00+08:00,南投縣鹿谷鄉,陰,0.8,300.0,-99.0
82H320,魚池茶改,23.875611,120.913583,16.8,99.0,2026-03-03T16:20:00+08:00,南投縣魚池鄉,陰,0.7,300.0,-99.0
U2HA50,臺大竹山,23.756972,120.681556,-99.0,-99.0,2026-03-03T16:20:00+08:00,南投縣竹山鎮,陰,-99.0,-99.0,-99.0
G2L020,嘉義農試,23.485028,120.473806,18.1,88.0,2026-03-03T16:20:00+08:00,嘉義市東區,陰,0.9,10.0,-99.0
72M360,義竹分場,23.360694,120.279361,19.4,81.0,2026-03-03T16:20:00+08:00,嘉義縣義竹鄉,陰,3.5,30.0,-99.0
B2N890,畜試所,23.058972,120.336406,19.9,91.0,2026-03-03T16:20:00+08:00,臺南市新化區,陰,2.6,10.0,-99.0
G2P820,鳳山農試,22.646611,120.356083,24.8,75.0,2026-03-03T16:20:00+08:00,高雄市鳳山區,多雲,2.0,330.0,-99.0
B2Q810,恆春畜試,21.945583,120.802167,22.3,71.0,2026-03-03T16:20:00+08:00,屏東縣恆春鎮,多雲,6.0,50.0,-99.0
72T250,花蓮農改,23.975222,121.563889,17.6,90.0,2026-03-03T16:20:00+08:00,花蓮縣吉安鄉,陰,1.3,30.0,-99.0
E2H360,蓮華池,23.918333,120.885278,18.5,98.0,2026-03-03T16:20:00+08:00,南投縣魚池鄉,陰,0.3,140.0,-99.0
72HA00,埔里分場,23.903208,120.963364,18.6,99.0,2026-03-03T16:20:00+08:00,南投縣魚池鄉,陰,-99.0,-99.0,-99.0
U2HA30,臺大和社,23.590856,120.888864,18.9,99.0,2026-03-03T16:20:00+08:00,南投縣信義鄉,陰,0.0,0.0,-99.0
U2HA40,臺大內茅埔,23.689722,120.851117,16.8,99.0,2026-03-03T16:20:00+08:00,南投縣信義鄉,陰,0.7,310.0,-99.0
G2M350,溪口農場,23.58565,120.408111,18.6,86.0,2026-03-03T16:20:00+08:00,嘉義縣溪口鄉,陰,2.3,360.0,-99.0
E2K600,四湖植物園,23.676986,120.163433,18.9,97.0,2026-03-03T16:20:00+08:00,雲林縣四湖鄉,陰,2.3,50.0,-99.0
G2F820,農業試驗所,24.031261,120.688133,18.0,90.0,2026-03-03T16:20:00+08:00,臺中市霧峰區,陰有雨,1.1,320.0,-99.0
72M700,嘉義分場,23.416869,120.283061,18.6,87.0,2026-03-03T16:20:00+08:00,嘉義縣鹿草鄉,陰,3.9,20.0,-99.0
72N240,七股研究中心,23.081672,120.062894,19.9,83.0,2026-03-03T16:20:00+08:00,臺南市七股區,陰,5.6,20.0,-99.0
42HA10,萬大發電廠,23.978875,121.139639,17.3,93.0,2026-03-03T16:20:00+08:00,南投縣仁愛鄉,陰,0.3,160.0,-99.0
12Q970,東港工作站,22.479997,120.466058,25.7,73.0,2026-03-03T16:20:00+08:00,屏東縣東港鎮,多雲,1.9,270.0,-99.0
12J990,口湖工作站,23.589978,120.180394,18.3,85.0,2026-03-03T16:20:00+08:00,雲林縣口湖鄉,陰,4.2,40.0,-99.0
12Q980,恆春工作站,22.079678,120.714425,22.3,71.0,2026-03-03T16:20:00+08:00,屏東縣車城鄉,多雲,12.2,70.0,-99.0
V2K610,大庄合作社,23.8068,120.367939,17.6,88.0,2026-03-03T16:20:00+08:00,雲林縣二崙鄉,陰,1.8,40.0,-99.0
V2K620,麥寮合作社,23.753836,120.294783,-99.0,-99.0,2026-03-03T16:20:00+08:00,雲林縣麥寮鄉,陰,-99.0,-99.0,-99.0
E2S980,太麻里(1),22.598922,120.980044,20.5,78.0,2026-03-03T16:20:00+08:00,臺東縣太麻里鄉,陰,0.9,30.0,-99.0
E2S960,太麻里(2),22.598,120.99775,21.4,78.0,2026-03-03T16:20:00+08:00,臺東縣太麻里鄉,陰,2.6,40.0,-99.0
72AI40,桃改臺北,24.944503,121.386972,15.3,85.0,2026-03-03T16:20:00+08:00,新北市樹林區,陰,5.1,50.0,-99.0
E2HA20,畢祿溪站,24.226944,121.308522,11.7,99.0,2026-03-03T16:20:00+08:00,南投縣仁愛鄉,陰有雨,0.0,0.0,-99.0
A2N290,蘭花園區,23.340258,120.379661,20.0,84.0,2026-03-03T16:20:00+08:00,臺南市後壁區,陰,2.8,20.0,-99.0
B2U990,宜蘭畜試,24.669039,121.832561,16.3,98.0,2026-03-03T16:20:00+08:00,宜蘭縣五結鄉,陰,2.8,10.0,-99.0
A2K630,雲林臺大,23.730628,120.423903,16.7,99.0,2026-03-03T16:20:00+08:00,雲林縣虎尾鎮,陰,2.8,10.0,-99.0
E2P980,六龜林試,22.991703,120.645722,22.7,96.0,2026-03-03T16:20:00+08:00,高雄市六龜區,多雲,0.8,30.0,-99.0
E2P990,扇平林試,22.9677,120.685703,-99.0,-99.0,2026-03-03T16:20:00+08:00,高雄市茂林區,多雲,-99.0,-99.0,-99.0
A2K360,臺西水試,23.717231,120.190522,-99.0,-99.0,2026-03-03T16:20:00+08:00,雲林縣臺西鄉,陰,5.0,30.0,-99.0
V2C250,八德合作社,24.93775,121.266389,-99.0,-99.0,2026-03-03T16:20:00+08:00,桃園市八德區,陰,-99.0,-99.0,-99.0
V2C260,八德蔬果,24.978508,121.281819,16.0,76.0,2026-03-03T16:20:00+08:00,桃園市八德區,陰,4.8,60.0,-99.0
72D680,新埔工作站,24.834444,121.066111,17.0,72.0,2026-03-03T16:20:00+08:00,新竹縣新埔鎮,陰,3.4,60.0,-99.0
G2AI50,台農院關渡站,25.11575,121.492,17.2,69.0,2026-03-03T16:20:00+08:00,臺北市北投區,陰,3.6,110.0,-99.0
CAH030,茶改場竹圍站,23.86008,120.6375,16.5,95.0,2026-03-03T16:20:00+08:00,南投縣名間鄉,陰,0.5,20.0,-99.0
CAN130,水試所海水繁養殖中心,23.120802,120.079676,19.7,85.0,2026-03-03T16:20:00+08:00,臺南市七股區,陰,6.7,20.0,-99.0
CAL110,布袋國中,23.35893,120.18026,18.7,86.0,2026-03-03T16:20:00+08:00,嘉義縣布袋鎮,陰,4.1,20.0,-99.0
CAG100,王功漁港,23.96824,120.32586,-99.0,-99.0,2026-03-03T16:20:00+08:00,彰化縣芳苑鄉,陰,8.2,40.0,-99.0
CAJ050,海口故事園區,23.57543,120.14121,-99.0,-99.0,2026-03-03T16:20:00+08:00,雲林縣口湖鄉,陰,-99.0,-99.0,-99.0
CAN140,六官養殖協會,23.22881,120.29962,19.8,80.0,2026-03-03T16:20:00+08:00,臺南市六甲區,陰,4.3,30.0,-99.0
CAQ030,崎峰國小,22.42565,120.49521,-99.0,-99.0,2026-03-03T16:20:00+08:00,屏東縣林邊鄉,陰,3.1,260.0,-99.0
C2M960,外寮,23.562643,120.665688,17.2,97.0,2026-03-03T16:20:00+08:00,嘉義縣梅山鄉,陰,3.8,170.0,-99.0
C2M970,碧湖,23.568632,120.624165,17.4,99.0,2026-03-03T16:20:00+08:00,嘉義縣梅山鄉,陰,5.0,200.0,-99.0
C2R170,屏東,22.660269,120.494027,26.0,73.0,2026-03-03T16:20:00+08:00,屏東縣屏東市,多雲,0.5,290.0,-99.0
C2V310,美濃,22.898792,120.51907,23.9,86.0,2026-03-03T16:20:00+08:00,高雄市美濃區,多雲,2.6,330.0,-99.0
C2M980,安和,23.51377,120.31593,18.1,88.0,2026-03-03T16:20:00+08:00,嘉義縣新港鄉,陰,4.2,10.0,-99.0
C2M990,大巃頂,23.5547,120.61439,17.1,100.0,2026-03-03T16:20:00+08:00,嘉義縣梅山鄉,陰,2.3,310.0,-99.0
C2N170,茅港尾,23.2061,120.2624,20.6,80.0,2026-03-03T16:20:00+08:00,臺南市下營區,陰,2.0,360.0,-99.0
C2R980,竹田國中,22.61532,120.52412,26.3,72.0,2026-03-03T16:20:00+08:00,屏東縣竹田鄉,多雲,1.9,280.0,-99.0
C2R990,泰武,22.60686,120.69765,20.8,85.0,2026-03-03T16:20:00+08:00,屏東縣泰武鄉,陰,1.0,200.0,-99.0
C2TA60,六十石,23.22477,121.31861,12.8,100.0,2026-03-03T16:20:00+08:00,花蓮縣富里鄉,陰,3.9,30.0,-99.0
C2TA70,赤科坪,23.39885,121.39168,12.9,100.0,2026-03-03T16:20:00+08:00,花蓮縣玉里鎮,陰,0.7,210.0,-99.0
C2UC10,出水溪,24.615822,121.652253,12.1,99.0,2026-03-03T16:20:00+08:00,宜蘭縣大同鄉,陰有雨,0.6,100.0,-99.0
C2UC20,長嶺,24.70894,121.61162,12.8,99.0,2026-03-03T16:20:00+08:00,宜蘭縣員山鄉,陰,1.0,140.0,-99.0
C2E980,和興,24.505319,120.923016,12.6,100.0,2026-03-03T16:20:00+08:00,苗栗縣獅潭鄉,陰,3.0,30.0,-99.0
C2E990,新坪頂,24.30201,120.8574,14.0,97.0,2026-03-03T16:20:00+08:00,苗栗縣卓蘭鎮,陰,3.1,20.0,-99.0
C2H9Y0,松茗,23.8167,120.650765,16.8,97.0,2026-03-03T16:20:00+08:00,南投縣名間鄉,陰,1.3,340.0,-99.0
C2RA10,大新,22.67558,120.57788,25.4,73.0,2026-03-03T16:20:00+08:00,屏東縣內埔鄉,多雲,2.6,320.0,-99.0
C2TA90,加納納,23.466421,121.359867,17.3,90.0,2026-03-03T16:20:00+08:00,花蓮縣瑞穗鄉,陰,2.0,40.0,-99.0
C2TB30,吉安,23.94538,121.54803,17.2,94.0,2026-03-03T16:20:00+08:00,花蓮縣吉安鄉,陰,0.5,50.0,-99.0
C2K290,崙內,23.69525,120.35601,17.6,90.0,2026-03-03T16:20:00+08:00,雲林縣土庫鎮,陰,2.7,20.0,-99.0
C2K300,鹿南,23.63855,120.3636,17.9,90.0,2026-03-03T16:20:00+08:00,雲林縣元長鄉,陰,4.1,10.0,-99.0
C2K250,崙背,23.75553,120.31893,17.3,90.0,2026-03-03T16:20:00+08:00,雲林縣崙背鄉,陰,3.3,30.0,-99.0
C2K280,四湖,23.6304,120.22717,18.4,86.0,2026-03-03T16:20:00+08:00,雲林縣四湖鄉,陰,2.9,40.0,-99.0
C2X060,下營,23.226806,120.256291,20.7,79.0,2026-03-03T16:20:00+08:00,臺南市下營區,陰,3.0,360.0,-99.0
C2S9B0,利吉,22.86246,121.15486,20.6,81.0,2026-03-03T16:20:00+08:00,臺東縣卑南鄉,陰,2.1,330.0,-99.0
C2S9A0,北份子寮,22.78561,121.07813,20.5,73.0,2026-03-03T16:20:00+08:00,臺東縣卑南鄉,陰,2.5,20.0,-99.0
C2SD50,順那,23.04166,121.29332,19.2,89.0,2026-03-03T16:20:00+08:00,臺東縣東河鄉,陰,0.8,40.0,-99.0
C2SD70,二層坪,22.94105,121.16838,19.4,82.0,2026-03-03T16:20:00+08:00,臺東縣鹿野鄉,陰,-99.0,-99.0,-99.0
C2SD60,明峰,22.8671,121.11825,18.2,86.0,2026-03-03T16:20:00+08:00,臺東縣卑南鄉,陰,4.3,10.0,-99.0
C2SD80,再來山,23.34371,121.44122,18.6,78.0,2026-03-03T16:20:00+08:00,臺東縣長濱鄉,陰,1.5,340.0,-99.0
C2TB80,庄子底,23.71794,121.49438,17.4,93.0,2026-03-03T16:20:00+08:00,花蓮縣鳳林鎮,陰,1.3,30.0,-99.0
C2TB90,長橋,23.6874,121.46186,17.4,94.0,2026-03-03T16:20:00+08:00,花蓮縣鳳林鎮,陰,1.1,60.0,-99.0
C2TB50,麻汝,23.42554,121.39358,17.3,85.0,2026-03-03T16:20:00+08:00,花蓮縣玉里鎮,陰,-99.0,-99.0,-99.0
C2TB70,達谷寮,23.38,121.35968,18.3,87.0,2026-03-03T16:20:00+08:00,花蓮縣玉里鎮,陰,1.4,350.0,-99.0
C2TB60,南安,23.29818,121.26157,18.4,86.0,2026-03-03T16:20:00+08:00,花蓮縣卓溪鄉,陰,2.3,210.0,-99.0
C2H9X0,福盛,23.89353,120.84077,-99.0,-99.0,2026-03-03T16:20:00+08:00,南投縣中寮鄉,陰,-99.0,-99.0,-99.0
C2G9C0,埔南,23.99124,120.46969,18.6,74.0,2026-03-03T16:20:00+08:00,彰化縣埔鹽鄉,陰,5.5,20.0,-99.0
C2G9E0,移民庄,23.9784,120.40283,18.9,74.0,2026-03-03T16:20:00+08:00,彰化縣二林鎮,陰,4.3,20.0,-99.0
C2K310,港尾布雞,23.74834,120.38439,17.3,90.0,2026-03-03T16:20:00+08:00,雲林縣崙背鄉,陰,3.8,30.0,-99.0
C2M9A0,大華,23.4824,120.67491,18.2,97.0,2026-03-03T16:20:00+08:00,嘉義縣竹崎鄉,陰,0.4,360.0,-99.0
C2M9D0,何竹子腳,23.53641,120.38203,-99.0,-99.0,2026-03-03T16:20:00+08:00,嘉義縣民雄鄉,陰,-99.0,-99.0,-99.0
C2M9C0,紫雲,23.494914,120.540253,18.0,94.0,2026-03-03T16:20:00+08:00,嘉義縣竹崎鄉,陰,1.6,320.0,-99.0
C2M9E0,旺來山,23.555153,120.486463,18.0,91.0,2026-03-03T16:20:00+08:00,嘉義縣民雄鄉,陰,2.3,10.0,-99.0
C2M9B0,西興,23.2428,120.57617,20.3,98.0,2026-03-03T16:20:00+08:00,嘉義縣大埔鄉,陰,1.1,280.0,-99.0
C2N190,烏樹,23.32393,120.36989,19.6,87.0,2026-03-03T16:20:00+08:00,臺南市後壁區,陰,1.6,10.0,-99.0
C2N180,鹿陶洋,23.14325,120.48352,21.8,88.0,2026-03-03T16:20:00+08:00,臺南市楠西區,陰,0.5,210.0,-99.0
C2V920,匏子寮,23.04905,120.55319,22.2,92.0,2026-03-03T16:20:00+08:00,高雄市甲仙區,多雲,1.6,30.0,-99.0
C2V580,瑞山,22.90304,120.43424,21.7,93.0,2026-03-03T16:20:00+08:00,高雄市內門區,多雲,1.9,330.0,-99.0
C2R9A0,高士國小,22.12553,120.84653,20.5,83.0,2026-03-03T16:20:00+08:00,屏東縣牡丹鄉,多雲,2.8,20.0,-99.0
C2M530,奮起湖,23.493903,120.699253,15.8,99.0,2026-03-03T16:20:00+08:00,嘉義縣竹崎鄉,陰,0.9,230.0,-99.0
C2M810,里佳,23.389125,120.716647,16.0,99.0,2026-03-03T16:20:00+08:00,嘉義縣阿里山鄉,陰,1.6,240.0,-99.0
C2C590,觀音,25.027072,121.153317,15.7,84.0,2026-03-03T16:20:00+08:00,桃園市觀音區,陰,2.7,30.0,-99.0
C2E420,竹南,24.70898,120.88897,17.5,76.0,2026-03-03T16:20:00+08:00,苗栗縣竹南鎮,陰,4.2,40.0,-99.0
C2E430,南庄,24.601775,121.000214,15.1,90.0,2026-03-03T16:20:00+08:00,苗栗縣南庄鄉,陰,1.6,360.0,-99.0
C2W230,畜試所澎湖,23.628342,119.513206,18.9,84.0,2026-03-03T16:20:00+08:00,澎湖縣西嶼鄉,陰,6.5,20.0,-99.0
C2E880,三義,24.405478,120.749819,12.9,99.0,2026-03-03T16:20:00+08:00,苗栗縣三義鄉,陰,5.7,50.0,-99.0
C2FA00,烏石坑,24.273503,120.947617,16.6,99.0,2026-03-03T16:20:00+08:00,臺中市和平區,陰,0.0,0.0,-99.0
C2F9A0,中竹林,24.103556,120.751061,16.3,99.0,2026-03-03T16:20:00+08:00,臺中市太平區,陰有雨,1.0,290.0,-99.0
C2G840,北斗,23.877586,120.514222,17.0,98.0,2026-03-03T16:20:00+08:00,彰化縣北斗鎮,陰,0.6,360.0,-99.0
C2H950,中寮,23.884447,120.766406,17.3,96.0,2026-03-03T16:20:00+08:00,南投縣中寮鄉,陰,0.6,300.0,-99.0
C2I090,鳳凰,23.728081,120.787347,16.3,100.0,2026-03-03T16:20:00+08:00,南投縣鹿谷鄉,陰,1.3,40.0,-99.0
C2F860,梨山,24.247522,121.243669,11.0,98.0,2026-03-03T16:20:00+08:00,臺中市和平區,陰,4.4,200.0,-99.0
C2K240,草嶺,23.59555,120.693461,17.0,100.0,2026-03-03T16:20:00+08:00,雲林縣古坑鄉,陰,2.2,250.0,-99.0
C2E520,大湖,24.414939,120.870872,14.6,96.0,2026-03-03T16:20:00+08:00,苗栗縣大湖鄉,陰有雨,0.9,30.0,-99.0
C2F000,大肚,24.15295,120.572117,16.3,84.0,2026-03-03T16:20:00+08:00,臺中市大肚區,陰,3.1,30.0,-99.0
C2E540,龍溪,24.606489,120.783933,16.7,79.0,2026-03-03T16:20:00+08:00,苗栗縣後龍鎮,陰,5.5,40.0,-99.0
C2F930,大甲,24.347667,120.640403,17.4,77.0,2026-03-03T16:20:00+08:00,臺中市大甲區,陰,0.9,40.0,-99.0
C2G870,芳苑,23.922303,120.320025,18.4,80.0,2026-03-03T16:20:00+08:00,彰化縣芳苑鄉,陰,3.7,20.0,-99.0
C2G640,鹿港,24.0753,120.430481,18.1,80.0,2026-03-03T16:20:00+08:00,彰化縣鹿港鎮,陰,3.7,20.0,-99.0
C2M910,嘉義大學,23.471325,120.485903,18.7,89.0,2026-03-03T16:20:00+08:00,嘉義市東區,陰,1.3,350.0,-99.0
C2O950,安南,23.076694,120.144861,20.8,83.0,2026-03-03T16:20:00+08:00,臺南市安南區,陰,2.0,360.0,-99.0
C2M410,馬頭山,23.324361,120.582017,23.0,88.0,2026-03-03T16:20:00+08:00,嘉義縣大埔鄉,陰,1.7,100.0,-99.0
C2O810,曾文,23.219681,120.497328,21.2,91.0,2026-03-03T16:20:00+08:00,臺南市楠西區,陰,1.0,160.0,-99.0
C2O930,玉井,23.126042,120.46055,22.0,88.0,2026-03-03T16:20:00+08:00,臺南市玉井區,陰,0.4,260.0,-99.0
C2V260,月眉,22.971003,120.539853,24.2,86.0,2026-03-03T16:20:00+08:00,高雄市杉林區,多雲,0.3,120.0,-99.0
C2V250,甲仙,23.080106,120.591758,23.3,89.0,2026-03-03T16:20:00+08:00,高雄市甲仙區,多雲,0.3,260.0,-99.0
C2N160,西拉雅風管處,23.189481,120.335297,19.8,86.0,2026-03-03T16:20:00+08:00,臺南市官田區,陰,2.7,10.0,-99.0
C2A920,富貴角,25.263783,121.565258,13.6,94.0,2026-03-03T16:20:00+08:00,新北市石門區,陰,2.9,60.0,-99.0
C2A880,福隆,25.017842,121.942083,15.6,91.0,2026-03-03T16:20:00+08:00,新北市貢寮區,陰有雨,2.1,10.0,-99.0
C2A540,四堵,24.8926,121.745736,13.0,97.0,2026-03-03T16:20:00+08:00,新北市坪林區,陰,0.3,310.0,-99.0
C2A560,福山,24.776203,121.502811,14.2,96.0,2026-03-03T16:20:00+08:00,新北市烏來區,陰有雨,0.1,0.0,-99.0
C2D720,關西工作站,24.757275,121.184792,15.1,89.0,2026-03-03T16:20:00+08:00,新竹縣關西鎮,陰,1.5,80.0,-99.0
C2D730,寶山農場,24.732444,120.976153,17.1,76.0,2026-03-03T16:20:00+08:00,新竹縣寶山鄉,陰,2.1,140.0,-99.0
C2H9K0,屯原,24.067969,121.209389,11.8,100.0,2026-03-03T16:20:00+08:00,南投縣仁愛鄉,陰,6.5,220.0,-99.0
C2G980,田頭村,23.8263,120.444175,16.9,95.0,2026-03-03T16:20:00+08:00,彰化縣竹塘鄉,陰,1.0,30.0,-99.0
C2K610,草嶺石壁,23.602469,120.707731,17.9,94.0,2026-03-03T16:20:00+08:00,雲林縣古坑鄉,陰,1.5,240.0,-99.0
C2F990,摩天嶺,24.322458,120.936819,16.7,100.0,2026-03-03T16:20:00+08:00,臺中市和平區,陰,0.6,210.0,-99.0
C2M920,朴子農改,23.469889,120.259383,18.2,88.0,2026-03-03T16:20:00+08:00,嘉義縣朴子市,陰,4.0,10.0,-99.0
C2M620,瑞里,23.545133,120.675197,16.7,100.0,2026-03-03T16:20:00+08:00,嘉義縣梅山鄉,陰,1.1,160.0,-99.0
C2A660,瑞芳,25.113169,121.801147,14.6,95.0,2026-03-03T16:20:00+08:00,新北市瑞芳區,陰,1.3,40.0,-99.0
C2A650,火燒寮,25.002719,121.742892,13.2,98.0,2026-03-03T16:20:00+08:00,新北市平溪區,陰有雨,0.8,20.0,-99.0
C2H9W0,大坪頂農水,24.043122,120.932781,18.3,99.0,2026-03-03T16:20:00+08:00,南投縣埔里鎮,陰,1.0,350.0,-99.0
C2K620,馬光農場,23.721453,120.378864,16.7,93.0,2026-03-03T16:20:00+08:00,雲林縣虎尾鎮,陰,3.5,10.0,-99.0
C2FB50,出雲,24.206469,120.902794,16.2,99.0,2026-03-03T16:20:00+08:00,臺中市和平區,陰有雨,1.3,180.0,-99.0
C2FB60,頭櫃山,24.129842,120.858925,16.5,100.0,2026-03-03T16:20:00+08:00,臺中市新社區,陰有雨,0.8,210.0,-99.0
C2H9D0,三隻寮,24.093078,120.861578,18.5,99.0,2026-03-03T16:20:00+08:00,南投縣國姓鄉,陰,0.3,280.0,-99.0
C2H9E0,國姓南港,23.911108,120.846556,15.8,100.0,2026-03-03T16:20:00+08:00,南投縣國姓鄉,陰,2.5,180.0,-99.0
C2H9F0,柑林,24.018658,120.847072,18.1,95.0,2026-03-03T16:20:00+08:00,南投縣國姓鄉,陰,1.2,60.0,-99.0
C2H9G0,百勝,24.051142,120.909361,17.8,98.0,2026-03-03T16:20:00+08:00,南投縣國姓鄉,陰,0.6,350.0,-99.0
C2M930,石卓,23.478744,120.702264,14.9,100.0,2026-03-03T16:20:00+08:00,嘉義縣竹崎鄉,陰,3.5,180.0,-99.0
C2M940,日野賀,23.434056,120.727169,18.1,92.0,2026-03-03T16:20:00+08:00,嘉義縣阿里山鄉,陰,0.4,220.0,-99.0
C2M950,太和,23.538372,120.702961,16.5,89.0,2026-03-03T16:20:00+08:00,嘉義縣梅山鄉,陰,7.0,180.0,-99.0
C2K630,荷苞,23.657717,120.595144,17.8,90.0,2026-03-03T16:20:00+08:00,雲林縣古坑鄉,陰,1.0,350.0,-99.0
C2H9H0,苗改南投蜂場,23.852589,120.693481,18.2,90.0,2026-03-03T16:20:00+08:00,南投縣名間鄉,陰,1.7,350.0,-99.0
C2G9A0,畜試所彰化,23.86045,120.557964,17.7,89.0,2026-03-03T16:20:00+08:00,彰化縣北斗鎮,陰,2.1,360.0,-99.0
C2E970,八甲,24.535811,120.795983,16.5,79.0,2026-03-03T16:20:00+08:00,苗栗縣苗栗市,陰,4.3,20.0,-99.0
C2H9J0,中台,23.9996,120.938739,19.7,98.0,2026-03-03T16:20:00+08:00,南投縣埔里鎮,陰,0.4,340.0,-99.0
C2H9L0,馬烈霸,24.1512,121.201772,12.4,99.0,2026-03-03T16:20:00+08:00,南投縣仁愛鄉,陰有雨,1.3,150.0,-99.0
C2H9M0,發祥,24.154094,121.164517,16.2,97.0,2026-03-03T16:20:00+08:00,南投縣仁愛鄉,陰,2.0,90.0,-99.0
C2H9N0,仁愛東眼,24.026875,121.1205,15.1,100.0,2026-03-03T16:20:00+08:00,南投縣仁愛鄉,陰,3.2,240.0,-99.0
C2H9P0,伊拿谷,23.963211,121.088264,18.2,95.0,2026-03-03T16:20:00+08:00,南投縣仁愛鄉,陰,0.4,280.0,-99.0
C2H9Q0,北東眼山,24.120939,121.189303,12.7,99.0,2026-03-03T16:20:00+08:00,南投縣仁愛鄉,陰,0.4,20.0,-99.0
C2H9R0,卓社,23.887894,121.000086,15.8,100.0,2026-03-03T16:20:00+08:00,南投縣仁愛鄉,陰,1.1,280.0,-99.0
C2H9S0,龍南,23.953536,120.833183,16.7,100.0,2026-03-03T16:20:00+08:00,南投縣國姓鄉,陰,2.7,280.0,-99.0
C2R970,屏科大,22.648275,120.619247,25.0,82.0,2026-03-03T16:20:00+08:00,屏東縣內埔鄉,多雲,1.1,350.0,-99.0
C2H9T0,名間竹圍,23.859914,120.637572,17.0,93.0,2026-03-03T16:20:00+08:00,南投縣名間鄉,陰,0.3,360.0,-99.0
C2H9U0,鳳鵬,23.763919,120.788061,17.4,99.0,2026-03-03T16:20:00+08:00,南投縣鹿谷鄉,陰,0.6,330.0,-99.0
CAF010,國一N174K,24.2049,120.6552,17.1,88.0,2026-03-03T16:20:00+08:00,臺中市西屯區,陰,4.2,360.0,-99.0
CAG010,國一N198K,24.063889,120.523056,18.0,81.0,2026-03-03T16:20:00+08:00,彰化縣彰化市,陰,4.5,20.0,-99.0
CAJ020,國一N234K,23.74633,120.467926,16.5,95.0,2026-03-03T16:20:00+08:00,雲林縣西螺鎮,陰有雨,3.5,350.0,-99.0
CAL010,國一N250K,23.610292,120.436867,18.0,97.0,2026-03-03T16:20:00+08:00,嘉義縣大林鎮,陰,4.0,360.0,-99.0
CAD010,國一S105K,24.726316,120.940643,17.3,82.0,2026-03-03T16:20:00+08:00,新竹縣寶山鄉,陰,5.5,60.0,-99.0
CAE020,國一S114K,24.668836,120.885811,17.7,74.0,2026-03-03T16:20:00+08:00,苗栗縣頭份市,陰,6.5,40.0,-99.0
CAE030,國一S123K,24.59594,120.86071,17.0,76.0,2026-03-03T16:20:00+08:00,苗栗縣頭屋鄉,陰,3.1,40.0,-99.0
CAE040,國一S132K,24.524506,120.820831,17.0,78.0,2026-03-03T16:20:00+08:00,苗栗縣公館鄉,陰,5.5,40.0,-99.0
CAE050,國一S152K,24.375492,120.749184,15.1,87.0,2026-03-03T16:20:00+08:00,苗栗縣三義鄉,陰,6.4,30.0,-99.0
CAF020,國一S162K,24.295534,120.695976,16.2,83.0,2026-03-03T16:20:00+08:00,臺中市后里區,陰,4.5,20.0,-99.0
CAF030,國一S169K,24.237116,120.688271,17.2,87.0,2026-03-03T16:20:00+08:00,臺中市神岡區,陰,3.7,20.0,-99.0
CAF040,國一S188K,24.118546,120.585747,18.2,78.0,2026-03-03T16:20:00+08:00,臺中市大肚區,陰,4.7,30.0,-99.0
CAG030,國一S207K,23.988304,120.508092,18.0,85.0,2026-03-03T16:20:00+08:00,彰化縣大村鄉,陰,3.1,10.0,-99.0
CAE060,國三N119K,24.675432,120.847389,17.3,82.0,2026-03-03T16:20:00+08:00,苗栗縣竹南鎮,陰,6.9,50.0,-99.0
CAE070,國三N151K,24.440218,120.681656,17.3,74.0,2026-03-03T16:20:00+08:00,苗栗縣苑裡鎮,陰,7.7,30.0,-99.0
CAG040,國三N191K,24.139256,120.5215,17.8,81.0,2026-03-03T16:20:00+08:00,彰化縣和美鎮,陰,7.4,30.0,-99.0
CAG050,國三N196K,24.107155,120.554482,18.1,78.0,2026-03-03T16:20:00+08:00,彰化縣彰化市,陰有雨,6.9,360.0,-99.0
CAF050,國三N208K,24.066147,120.660919,17.2,96.0,2026-03-03T16:20:00+08:00,臺中市霧峰區,陰,1.2,120.0,-99.0
CAE560,國一S144K,24.437042,120.778219,15.3,86.0,2026-03-03T16:20:00+08:00,苗栗縣銅鑼鄉,陰,4.2,20.0,-99.0
CAF950,國一N158K,24.332372,120.717144,15.8,92.0,2026-03-03T16:20:00+08:00,臺中市后里區,陰,1.8,30.0,-99.0
CAF960,國三S175K,24.251494,120.589683,16.7,78.0,2026-03-03T16:20:00+08:00,臺中市沙鹿區,陰,7.3,20.0,-99.0
CAF980,國三N183K,24.193628,120.570311,16.8,82.0,2026-03-03T16:20:00+08:00,臺中市龍井區,陰,4.5,10.0,-99.0
CAH010,國三N223K,23.955116,120.662376,16.7,86.0,2026-03-03T16:20:00+08:00,南投縣草屯鎮,陰,2.9,340.0,-99.0
CAJ010,國三N252K,23.77412,120.64061,18.0,100.0,2026-03-03T16:20:00+08:00,雲林縣林內鄉,陰,0.9,200.0,-99.0
CAE080,國三S140K,24.522345,120.725006,17.3,78.0,2026-03-03T16:20:00+08:00,苗栗縣通霄鎮,陰,6.0,30.0,-99.0
CAE090,國三S156K,24.39798,120.669487,17.3,77.0,2026-03-03T16:20:00+08:00,苗栗縣苑裡鎮,陰,7.3,50.0,-99.0
CAF060,國三S168K,24.308519,120.614471,17.0,79.0,2026-03-03T16:20:00+08:00,臺中市清水區,陰,4.5,50.0,-99.0
CAG060,國三S202K,24.092468,120.603256,18.5,82.0,2026-03-03T16:20:00+08:00,彰化縣彰化市,陰,3.5,10.0,-99.0
CAH020,國三S217K,24.00683,120.653214,17.0,100.0,2026-03-03T16:20:00+08:00,南投縣草屯鎮,陰有雨,1.3,40.0,-99.0
CAF090,國四E5K,24.296465,120.643135,16.7,87.0,2026-03-03T16:20:00+08:00,臺中市神岡區,陰,5.0,30.0,-99.0
CAA090,國三甲005K,25.00194,121.5975,15.0,97.0,2026-03-03T16:20:00+08:00,臺北市文山區,陰,2.2,70.0,-99.0
CAC020,國二E009K,25.018244,121.273697,15.6,89.0,2026-03-03T16:20:00+08:00,桃園市桃園區,陰,4.0,50.0,-99.0
CAB050,國三N002K,25.14583,121.7217,14.9,92.0,2026-03-03T16:20:00+08:00,基隆市中山區,陰,1.3,350.0,-99.0
CAB030,國三S004K,25.11444,121.6886,14.1,93.0,2026-03-03T16:20:00+08:00,基隆市七堵區,陰,2.0,30.0,-99.0
CAB040,國三S007K,25.09694,121.6678,14.6,97.0,2026-03-03T16:20:00+08:00,基隆市七堵區,陰有靄,2.6,50.0,-99.0
CAA030,國三S010K,25.08,121.6475,14.8,86.0,2026-03-03T16:20:00+08:00,新北市汐止區,陰,2.7,360.0,-99.0
CAA040,國三S016K,25.03306,121.6158,14.6,98.0,2026-03-03T16:20:00+08:00,臺北市南港區,陰,3.4,70.0,-99.0
CAA050,國三S037K,24.982361,121.471042,14.9,97.0,2026-03-03T16:20:00+08:00,新北市土城區,陰,1.3,50.0,-99.0
CAA060,國三S042K,24.96,121.4306,15.1,94.0,2026-03-03T16:20:00+08:00,新北市土城區,陰,3.4,70.0,-99.0
CAA070,國三N046K,24.95083,121.3958,15.3,94.0,2026-03-03T16:20:00+08:00,新北市樹林區,陰,5.5,60.0,-99.0
CAA990,國一N039K,25.064433,121.381972,15.0,87.0,2026-03-03T16:20:00+08:00,新北市泰山區,陰,3.6,110.0,-99.0
CAC760,國一高架N063K,24.950281,121.196314,15.6,86.0,2026-03-03T16:20:00+08:00,桃園市平鎮區,陰,8.0,50.0,-99.0
CAD710,國三N077K,24.797294,121.190033,14.6,92.0,2026-03-03T16:20:00+08:00,新竹縣關西鎮,陰,6.5,50.0,-99.0
CAC770,國三N072K,24.836391,121.199371,13.6,99.0,2026-03-03T16:20:00+08:00,桃園市龍潭區,陰,3.6,40.0,-99.0
CAAD60,國五S005K,24.996414,121.651931,14.0,90.0,2026-03-03T16:20:00+08:00,新北市石碇區,陰有靄,0.3,200.0,-99.0
CAAD70,國五S006K,24.989964,121.656972,14.3,96.0,2026-03-03T16:20:00+08:00,新北市石碇區,陰有靄,0.9,170.0,-99.0
CAAD80,國五N008K,24.982411,121.668089,14.0,97.0,2026-03-03T16:20:00+08:00,新北市石碇區,陰有靄,1.3,130.0,-99.0
CAAD90,國五N013K,24.947603,121.705508,13.6,98.0,2026-03-03T16:20:00+08:00,新北市坪林區,陰有靄,1.8,200.0,-99.0
CAUB30,國五S031K,24.819144,121.782378,15.6,96.0,2026-03-03T16:20:00+08:00,宜蘭縣礁溪鄉,陰有靄,2.2,30.0,-99.0
CAUB40,國五S041K,24.734764,121.781922,15.9,93.0,2026-03-03T16:20:00+08:00,宜蘭縣壯圍鄉,陰,3.2,40.0,-99.0
CAUB50,國五S047K,24.675456,121.794583,15.6,92.0,2026-03-03T16:20:00+08:00,宜蘭縣羅東鎮,陰,3.6,330.0,-99.0
CAA080,國三S054K,24.93917,121.3239,15.5,90.0,2026-03-03T16:20:00+08:00,新北市鶯歌區,陰,3.4,70.0,-99.0
CAC030,國三N063K,24.889514,121.2636,14.1,95.0,2026-03-03T16:20:00+08:00,桃園市大溪區,陰,6.0,50.0,-99.0
CAD080,國三N085K,24.78333,121.1211,15.3,90.0,2026-03-03T16:20:00+08:00,新竹縣關西鎮,陰,4.4,40.0,-99.0
CAD090,國三S103K,24.75861,120.9608,16.8,83.0,2026-03-03T16:20:00+08:00,新竹市東區,陰,4.4,40.0,-99.0
CAB010,國一S001K,25.11583,121.7286,15.0,92.0,2026-03-03T16:20:00+08:00,基隆市安樂區,陰有靄,1.8,10.0,-99.0
CAB020,國一S006K,25.08694,121.6869,15.0,94.0,2026-03-03T16:20:00+08:00,基隆市七堵區,陰有雨,3.0,80.0,-99.0
CAA010,國一N013K,25.066739,121.628153,15.1,94.0,2026-03-03T16:20:00+08:00,新北市汐止區,陰,2.7,70.0,-99.0
CAA020,國一S026K,25.07639,121.4964,16.3,82.0,2026-03-03T16:20:00+08:00,新北市三重區,陰,5.0,100.0,-99.0
CAC010,國一S072K,24.89583,121.1342,15.1,87.0,2026-03-03T16:20:00+08:00,桃園市楊梅區,陰,6.3,50.0,-99.0
CAD020,國一N077K,24.885,121.0889,15.6,85.0,2026-03-03T16:20:00+08:00,新竹縣湖口鄉,陰,4.0,50.0,-99.0
CAD030,國一S082K,24.87667,121.0467,15.0,88.0,2026-03-03T16:20:00+08:00,新竹縣湖口鄉,陰,5.8,40.0,-99.0
CAD040,國一S088K,24.84444,121.0214,16.2,88.0,2026-03-03T16:20:00+08:00,新竹縣竹北市,陰,4.2,30.0,-99.0
CAD050,國一N094K,24.79778,121.0089,17.3,75.0,2026-03-03T16:20:00+08:00,新竹市東區,陰,7.2,50.0,-99.0
CAD060,國一S098K,24.76056,120.9911,16.8,81.0,2026-03-03T16:20:00+08:00,新竹縣寶山鄉,陰,5.8,60.0,-99.0
CAL020,國一S262K,23.512333,120.403038,18.1,95.0,2026-03-03T16:20:00+08:00,嘉義縣民雄鄉,陰,3.9,350.0,-99.0
CAL030,國一N268K,23.460833,120.375833,18.2,95.0,2026-03-03T16:20:00+08:00,嘉義縣水上鄉,陰,1.5,360.0,-99.0
CAL040,國一N273K,23.416666,120.355,18.2,96.0,2026-03-03T16:20:00+08:00,嘉義縣水上鄉,陰,2.9,10.0,-99.0
CAN010,國一N288K,23.30609,120.290033,19.0,90.0,2026-03-03T16:20:00+08:00,臺南市新營區,陰,4.3,50.0,-99.0
CAN020,國一S306K,23.152831,120.230558,19.3,83.0,2026-03-03T16:20:00+08:00,臺南市麻豆區,陰,2.5,20.0,-99.0
CAN040,國一N323K,23.011789,120.249453,20.5,93.0,2026-03-03T16:20:00+08:00,臺南市永康區,陰,2.9,10.0,-99.0
CAP010,國一S342K,22.845555,120.295,21.7,95.0,2026-03-03T16:20:00+08:00,高雄市路竹區,多雲,3.7,350.0,-99.0
CAP020,國一S346K,22.812222,120.314166,21.8,92.0,2026-03-03T16:20:00+08:00,高雄市岡山區,多雲,4.9,340.0,-99.0
CAP030,國一N351K,22.765833,120.328888,-99.0,-99.0,2026-03-03T16:20:00+08:00,高雄市橋頭區,多雲,-99.0,-99.0,-99.0
CAP040,國一N361K,22.680555,120.328611,25.1,82.0,2026-03-03T16:20:00+08:00,高雄市仁武區,多雲,1.3,350.0,-99.0
CAL050,國三N279K,23.596111,120.523333,18.0,94.0,2026-03-03T16:20:00+08:00,嘉義縣大林鎮,陰,1.6,20.0,-99.0
CAL070,國三N295K,23.468598,120.499369,17.6,97.0,2026-03-03T16:20:00+08:00,嘉義市東區,陰,1.7,360.0,-99.0
CAM900,國三S290K,23.504106,120.490742,18.3,97.0,2026-03-03T16:20:00+08:00,嘉義縣竹崎鄉,陰,2.1,360.0,-99.0
CAV270,國一S336K,22.894167,120.271178,21.5,90.0,2026-03-03T16:20:00+08:00,高雄市路竹區,多雲,2.6,360.0,-99.0
CAN150,國一N315K,23.0835,120.251897,20.0,89.0,2026-03-03T16:20:00+08:00,臺南市新市區,陰,1.3,360.0,-99.0
CAV280,國三S378K,22.825958,120.415519,22.8,95.0,2026-03-03T16:20:00+08:00,高雄市田寮區,多雲,2.7,320.0,-99.0
CAL080,國三N303K,23.411969,120.452447,18.2,96.0,2026-03-03T16:20:00+08:00,嘉義縣中埔鄉,陰,1.2,360.0,-99.0
CAN060,國三S311K,23.346388,120.438888,18.2,89.0,2026-03-03T16:20:00+08:00,臺南市白河區,陰,2.9,350.0,-99.0
CAN070,國三S329K,23.212777,120.355833,19.0,96.0,2026-03-03T16:20:00+08:00,臺南市官田區,陰,3.2,360.0,-99.0
CAN080,國三N336K,23.154722,120.345,19.5,99.0,2026-03-03T16:20:00+08:00,臺南市官田區,陰,2.5,350.0,-99.0
CAN090,國三S342K,23.106694,120.327528,19.3,89.0,2026-03-03T16:20:00+08:00,臺南市善化區,陰,4.0,10.0,-99.0
CAN100,國三S366K,22.9077,120.3513,20.6,89.0,2026-03-03T16:20:00+08:00,臺南市關廟區,多雲有靄,2.4,360.0,-99.0
CAP060,國三S385K,22.767777,120.444444,24.8,82.0,2026-03-03T16:20:00+08:00,高雄市大樹區,多雲,1.3,290.0,-99.0
CAQ020,國三S415K,22.568,120.528,24.7,76.0,2026-03-03T16:20:00+08:00,屏東縣竹田鄉,多雲,3.1,310.0,-99.0
CAQ010,國三N425K,22.480277,120.531666,24.5,84.0,2026-03-03T16:20:00+08:00,屏東縣南州鄉,多雲,3.7,260.0,-99.0
CAJ040,西濱S241K,23.623426,120.172646,-99.0,-99.0,2026-03-03T16:20:00+08:00,雲林縣口湖鄉,陰,-99.0,-99.0,-99.0
CAL100,西濱S267K,23.41613,120.162872,18.3,84.0,2026-03-03T16:20:00+08:00,嘉義縣東石鄉,陰,7.1,30.0,-99.0
CAC050,西濱S023K,25.11649,121.27551,16.3,84.0,2026-03-03T16:20:00+08:00,桃園市蘆竹區,陰,16.1,50.0,-99.0
CAC060,西濱S032K,25.091966,121.192505,-99.0,-99.0,2026-03-03T16:20:00+08:00,桃園市大園區,陰,-99.0,-99.0,-99.0
CAD100,西濱N066K,24.8956,120.9649,16.9,80.0,2026-03-03T16:20:00+08:00,新竹縣新豐鄉,陰,5.8,60.0,-99.0
CAD110,西濱S082K,24.751724,120.905028,17.3,77.0,2026-03-03T16:20:00+08:00,新竹市香山區,陰,2.9,50.0,-99.0
CAE100,西濱N107K,24.5958,120.7394,17.2,79.0,2026-03-03T16:20:00+08:00,苗栗縣後龍鎮,陰,5.7,50.0,-99.0
CAE110,西濱S129K,24.4472,120.6428,18.0,74.0,2026-03-03T16:20:00+08:00,苗栗縣苑裡鎮,陰,7.8,40.0,-99.0
CAF100,西濱N151K,24.275964,120.547681,18.1,73.0,2026-03-03T16:20:00+08:00,臺中市清水區,陰,4.7,40.0,-99.0
CAG070,西濱S173K,24.1081,120.434576,17.8,79.0,2026-03-03T16:20:00+08:00,彰化縣鹿港鎮,陰,8.5,50.0,-99.0
CAG080,西濱S189K,23.987857,120.369607,17.8,80.0,2026-03-03T16:20:00+08:00,彰化縣芳苑鄉,陰,7.8,30.0,-99.0
CAG090,西濱N210K,23.843536,120.293236,18.4,77.0,2026-03-03T16:20:00+08:00,彰化縣大城鄉,陰,7.2,40.0,-99.0
CAJ030,西濱N222K,23.737734,120.256132,18.4,78.0,2026-03-03T16:20:00+08:00,雲林縣麥寮鄉,陰,6.3,20.0,-99.0
CAL090,西濱S257K,23.502278,120.171861,18.6,82.0,2026-03-03T16:20:00+08:00,嘉義縣東石鄉,陰,3.4,30.0,-99.0
CAN110,西濱S280K,23.3052,120.14891,18.9,84.0,2026-03-03T16:20:00+08:00,臺南市北門區,陰,5.2,10.0,-99.0
CAN120,西濱N304K,23.103439,120.086694,19.4,87.0,2026-03-03T16:20:00+08:00,臺南市七股區,陰,6.7,20.0,-99.0
